state,state_name,year,births,birth_rate,female_pop_15_44
AK,Alaska,1995,9616,139.1,69120.0
AK,Alaska,1996,9597,137.7,69696.0
AK,Alaska,1997,9574,136.2,70272.0
AK,Alaska,1998,9725,137.3,70848.0
AK,Alaska,1999,9771,136.8,71424.0
AK,Alaska,2000,10017,139.1,72000.0
AK,Alaska,2001,9928,136.8,72576.0
AK,Alaska,2002,9931,135.8,73152.0
AK,Alaska,2003,10106,137.1,73728.0
AK,Alaska,2004,10152,136.6,74304.0
AK,Alaska,2005,10225,136.6,74880.0
AK,Alaska,2006,10540,139.7,75456.0
AK,Alaska,2007,10668,140.3,76032.0
AK,Alaska,2008,10493,137.0,76608.0
AK,Alaska,2009,10201,132.2,77184.0
AK,Alaska,2010,9888,127.2,77760.0
AK,Alaska,2011,9772,124.7,78336.0
AK,Alaska,2012,9763,123.7,78912.0
AK,Alaska,2013,9722,122.3,79488.0
AK,Alaska,2014,9860,123.2,80064.0
AK,Alaska,2015,9839,122.0,80640.0
AK,Alaska,2016,9744,120.0,81216.0
AK,Alaska,2017,9541,116.6,81792.0
AK,Alaska,2018,9386,114.0,82368.0
AK,Alaska,2019,9276,111.8,82944.0
AK,Alaska,2020,8940,107.0,83520.0
AK,Alaska,2021,9068,107.8,84096.0
AK,Alaska,2022,9076,107.2,84672.0
AK,Alaska,2023,8913,104.6,85248.0
AL,Alabama,1995,60974,130.4,467520.0
AL,Alabama,1996,60886,129.2,471416.0
AL,Alabama,1997,60741,127.8,475312.0
AL,Alabama,1998,61612,128.6,479208.0
AL,Alabama,1999,61971,128.3,483104.0
AL,Alabama,2000,63578,130.6,487000.0
AL,Alabama,2001,63052,128.4,490896.0
AL,Alabama,2002,62966,127.3,494792.0
AL,Alabama,2003,64090,128.5,498688.0
AL,Alabama,2004,64437,128.2,502584.0
AL,Alabama,2005,64828,128.0,506480.0
AL,Alabama,2006,66801,130.9,510376.0
AL,Alabama,2007,67614,131.5,514272.0
AL,Alabama,2008,66585,128.5,518168.0
AL,Alabama,2009,64797,124.1,522064.0
AL,Alabama,2010,62672,119.2,525960.0
AL,Alabama,2011,61974,117.0,529856.0
AL,Alabama,2012,61992,116.1,533752.0
AL,Alabama,2013,61664,114.7,537648.0
AL,Alabama,2014,62517,115.4,541544.0
AL,Alabama,2015,62446,114.5,545440.0
AL,Alabama,2016,61934,112.7,549336.0
AL,Alabama,2017,60524,109.4,553232.0
AL,Alabama,2018,59535,106.9,557128.0
AL,Alabama,2019,58840,104.9,561024.0
AL,Alabama,2020,56795,100.5,564920.0
AL,Alabama,2021,57560,101.2,568816.0
AL,Alabama,2022,57616,100.6,572712.0
AL,Alabama,2023,56515,98.0,576608.0
AR,Arkansas,1995,36457,134.7,270720.0
AR,Arkansas,1996,36357,133.2,272976.0
AR,Arkansas,1997,36259,131.7,275232.0
AR,Arkansas,1998,36851,132.8,277488.0
AR,Arkansas,1999,37020,132.3,279744.0
AR,Arkansas,2000,37945,134.6,282000.0
AR,Arkansas,2001,37618,132.3,284256.0
AR,Arkansas,2002,37609,131.3,286512.0
AR,Arkansas,2003,38226,132.4,288768.0
AR,Arkansas,2004,38461,132.2,291024.0
AR,Arkansas,2005,38719,132.0,293280.0
AR,Arkansas,2006,39916,135.1,295536.0
AR,Arkansas,2007,40362,135.5,297792.0
AR,Arkansas,2008,39774,132.6,300048.0
AR,Arkansas,2009,38683,128.0,302304.0
AR,Arkansas,2010,37439,122.9,304560.0
AR,Arkansas,2011,37021,120.7,306816.0
AR,Arkansas,2012,37054,119.9,309072.0
AR,Arkansas,2013,36856,118.4,311328.0
AR,Arkansas,2014,37331,119.0,313584.0
AR,Arkansas,2015,37292,118.1,315840.0
AR,Arkansas,2016,36938,116.1,318096.0
AR,Arkansas,2017,36139,112.8,320352.0
AR,Arkansas,2018,35537,110.2,322608.0
AR,Arkansas,2019,35129,108.1,324864.0
AR,Arkansas,2020,33879,103.6,327120.0
AR,Arkansas,2021,34363,104.3,329376.0
AR,Arkansas,2022,34382,103.7,331632.0
AR,Arkansas,2023,33705,100.9,333888.0
AZ,Arizona,1995,79729,158.2,504125.0
AZ,Arizona,1996,80037,156.2,512300.0
AZ,Arizona,1997,80382,154.4,520475.0
AZ,Arizona,1998,82142,155.4,528650.0
AZ,Arizona,1999,82985,154.6,536825.0
AZ,Arizona,2000,85674,157.2,545000.0
AZ,Arizona,2001,85426,154.4,553175.0
AZ,Arizona,2002,85921,153.1,561350.0
AZ,Arizona,2003,87894,154.3,569525.0
AZ,Arizona,2004,88778,153.7,577700.0
AZ,Arizona,2005,90011,153.6,585875.0
AZ,Arizona,2006,93290,157.0,594050.0
AZ,Arizona,2007,94957,157.7,602225.0
AZ,Arizona,2008,94030,154.0,610400.0
AZ,Arizona,2009,91903,148.6,618575.0
AZ,Arizona,2010,89680,143.1,626750.0
AZ,Arizona,2011,89054,140.3,634925.0
AZ,Arizona,2012,89560,139.3,643100.0
AZ,Arizona,2013,89577,137.5,651275.0
AZ,Arizona,2014,91447,138.7,659450.0
AZ,Arizona,2015,91695,137.3,667625.0
AZ,Arizona,2016,91415,135.3,675800.0
AZ,Arizona,2017,89889,131.4,683975.0
AZ,Arizona,2018,88909,128.5,692150.0
AZ,Arizona,2019,88306,126.1,700325.0
AZ,Arizona,2020,85614,120.8,708500.0
AZ,Arizona,2021,87297,121.8,716675.0
AZ,Arizona,2022,87864,121.2,724850.0
AZ,Arizona,2023,86628,118.2,733025.0
CA,California,1995,522884,132.8,3936000.0
CA,California,1996,519220,130.8,3968800.0
CA,California,1997,515814,128.9,4001600.0
CA,California,1998,522218,129.4,4034400.0
CA,California,1999,522650,128.5,4067200.0
CA,California,2000,533826,130.2,4100000.0
CA,California,2001,526985,127.5,4132800.0
CA,California,2002,524606,125.9,4165600.0
CA,California,2003,531445,126.6,4198400.0
CA,California,2004,532133,125.8,4231200.0
CA,California,2005,533388,125.1,4264000.0
CA,California,2006,547618,127.4,4296800.0
CA,California,2007,551671,127.4,4329600.0
CA,California,2008,540758,124.0,4362400.0
CA,California,2009,524175,119.3,4395200.0
CA,California,2010,505448,114.1,4428000.0
CA,California,2011,497497,111.5,4460800.0
CA,California,2012,495401,110.2,4493600.0
CA,California,2013,490471,108.4,4526400.0
CA,California,2014,495756,108.7,4559200.0
CA,California,2015,492609,107.3,4592000.0
CA,California,2016,486470,105.2,4624800.0
CA,California,2017,473408,101.6,4657600.0
CA,California,2018,463372,98.8,4690400.0
CA,California,2019,456552,96.7,4723200.0
CA,California,2020,438156,92.1,4756000.0
CA,California,2021,442526,92.4,4788800.0
CA,California,2022,441220,91.5,4821600.0
CA,California,2023,430571,88.7,4854400.0
CO,Colorado,1995,61811,130.1,475200.0
CO,Colorado,1996,61985,129.4,479160.0
CO,Colorado,1997,62073,128.5,483120.0
CO,Colorado,1998,63224,129.8,487080.0
CO,Colorado,1999,63854,130.0,491040.0
CO,Colorado,2000,65749,132.8,495000.0
CO,Colorado,2001,65433,131.1,498960.0
CO,Colorado,2002,65556,130.4,502920.0
CO,Colorado,2003,66993,132.2,506880.0
CO,Colorado,2004,67652,132.4,510840.0
CO,Colorado,2005,68415,132.9,514800.0
CO,Colorado,2006,70785,136.5,518760.0
CO,Colorado,2007,71956,137.7,522720.0
CO,Colorado,2008,71052,134.9,526680.0
CO,Colorado,2009,69395,130.8,530640.0
CO,Colorado,2010,67464,126.2,534600.0
CO,Colorado,2011,66949,124.3,538560.0
CO,Colorado,2012,67203,123.9,542520.0
CO,Colorado,2013,67112,122.8,546480.0
CO,Colorado,2014,68241,124.0,550440.0
CO,Colorado,2015,68461,123.5,554400.0
CO,Colorado,2016,68155,122.1,558360.0
CO,Colorado,2017,66875,118.9,562320.0
CO,Colorado,2018,65992,116.5,566280.0
CO,Colorado,2019,65414,114.7,570240.0
CO,Colorado,2020,63424,110.5,574200.0
CO,Colorado,2021,64511,111.6,578160.0
CO,Colorado,2022,64832,111.4,582120.0
CO,Colorado,2023,63788,108.8,586080.0
CT,Connecticut,1995,41478,115.2,360000.0
CT,Connecticut,1996,41383,114.0,363000.0
CT,Connecticut,1997,41298,112.8,366000.0
CT,Connecticut,1998,41976,113.8,369000.0
CT,Connecticut,1999,42115,113.2,372000.0
CT,Connecticut,2000,43243,115.3,375000.0
CT,Connecticut,2001,42861,113.4,378000.0
CT,Connecticut,2002,42807,112.4,381000.0
CT,Connecticut,2003,43566,113.5,384000.0
CT,Connecticut,2004,43769,113.1,387000.0
CT,Connecticut,2005,44167,113.2,390000.0
CT,Connecticut,2006,45442,115.6,393000.0
CT,Connecticut,2007,45966,116.1,396000.0
CT,Connecticut,2008,45271,113.5,399000.0
CT,Connecticut,2009,44034,109.5,402000.0
CT,Connecticut,2010,42688,105.4,405000.0
CT,Connecticut,2011,42154,103.3,408000.0
CT,Connecticut,2012,42176,102.6,411000.0
CT,Connecticut,2013,41908,101.2,414000.0
CT,Connecticut,2014,42572,102.1,417000.0
CT,Connecticut,2015,42451,101.1,420000.0
CT,Connecticut,2016,42082,99.5,423000.0
CT,Connecticut,2017,41119,96.5,426000.0
CT,Connecticut,2018,40454,94.3,429000.0
CT,Connecticut,2019,40027,92.7,431999.0
CT,Connecticut,2020,38590,88.7,434999.0
CT,Connecticut,2021,39116,89.3,438000.0
CT,Connecticut,2022,39184,88.9,441000.0
CT,Connecticut,2023,38416,86.5,444000.0
DC,District of Columbia,1995,7383,105.4,70080.0
DC,District of Columbia,1996,7368,104.3,70664.0
DC,District of Columbia,1997,7351,103.2,71248.0
DC,District of Columbia,1998,7470,104.0,71832.0
DC,District of Columbia,1999,7512,103.7,72416.0
DC,District of Columbia,2000,7695,105.4,73000.0
DC,District of Columbia,2001,7637,103.8,73584.0
DC,District of Columbia,2002,7630,102.9,74168.0
DC,District of Columbia,2003,7762,103.8,74752.0
DC,District of Columbia,2004,7803,103.6,75336.0
DC,District of Columbia,2005,7858,103.5,75920.0
DC,District of Columbia,2006,8098,105.9,76504.0
DC,District of Columbia,2007,8185,106.2,77088.0
DC,District of Columbia,2008,8062,103.8,77672.0
DC,District of Columbia,2009,7849,100.3,78256.0
DC,District of Columbia,2010,7596,96.3,78840.0
DC,District of Columbia,2011,7512,94.6,79424.0
DC,District of Columbia,2012,7507,93.8,80008.0
DC,District of Columbia,2013,7473,92.7,80592.0
DC,District of Columbia,2014,7582,93.4,81176.0
DC,District of Columbia,2015,7562,92.5,81760.0
DC,District of Columbia,2016,7501,91.1,82344.0
DC,District of Columbia,2017,7334,88.4,82928.0
DC,District of Columbia,2018,7210,86.3,83512.0
DC,District of Columbia,2019,7127,84.7,84096.0
DC,District of Columbia,2020,6873,81.2,84680.0
DC,District of Columbia,2021,6974,81.8,85264.0
DC,District of Columbia,2022,6983,81.3,85848.0
DC,District of Columbia,2023,6841,79.1,86432.0
DE,Delaware,1995,10568,126.5,83520.0
DE,Delaware,1996,10541,125.2,84216.0
DE,Delaware,1997,10521,123.9,84912.0
DE,Delaware,1998,10689,124.9,85608.0
DE,Delaware,1999,10741,124.5,86304.0
DE,Delaware,2000,11019,126.7,87000.0
DE,Delaware,2001,10920,124.5,87696.0
DE,Delaware,2002,10910,123.4,88392.0
DE,Delaware,2003,11093,124.5,89088.0
DE,Delaware,2004,11165,124.4,89784.0
DE,Delaware,2005,11224,124.0,90480.0
DE,Delaware,2006,11586,127.1,91176.0
DE,Delaware,2007,11714,127.5,91872.0
DE,Delaware,2008,11537,124.6,92568.0
DE,Delaware,2009,11210,120.2,93264.0
DE,Delaware,2010,10864,115.6,93960.0
DE,Delaware,2011,10736,113.4,94656.0
DE,Delaware,2012,10736,112.6,95352.0
DE,Delaware,2013,10683,111.2,96048.0
DE,Delaware,2014,10846,112.1,96744.0
DE,Delaware,2015,10822,111.1,97440.0
DE,Delaware,2016,10722,109.3,98136.0
DE,Delaware,2017,10489,106.1,98832.0
DE,Delaware,2018,10313,103.6,99528.0
DE,Delaware,2019,10191,101.7,100223.0
DE,Delaware,2020,9824,97.3,100920.0
DE,Delaware,2021,9961,98.0,101616.0
DE,Delaware,2022,9976,97.5,102312.0
DE,Delaware,2023,9792,95.1,103008.0
FL,Florida,1995,191969,129.7,1480000.0
FL,Florida,1996,192641,128.1,1504000.0
FL,Florida,1997,192991,126.3,1528000.0
FL,Florida,1998,197044,127.0,1552000.0
FL,Florida,1999,198966,126.2,1576000.0
FL,Florida,2000,204835,128.0,1600000.0
FL,Florida,2001,204401,125.9,1623999.0
FL,Florida,2002,205180,124.5,1648000.0
FL,Florida,2003,209842,125.5,1672000.0
FL,Florida,2004,212067,125.0,1696000.0
FL,Florida,2005,214240,124.6,1720000.0
FL,Florida,2006,222115,127.4,1744000.0
FL,Florida,2007,225988,127.8,1768000.0
FL,Florida,2008,223323,124.6,1792000.0
FL,Florida,2009,218349,120.2,1816000.0
FL,Florida,2010,212272,115.4,1839999.0
FL,Florida,2011,211021,113.2,1864000.0
FL,Florida,2012,211921,112.2,1888000.0
FL,Florida,2013,211888,110.8,1912000.0
FL,Florida,2014,216106,111.6,1936000.0
FL,Florida,2015,216503,110.5,1960000.0
FL,Florida,2016,215878,108.8,1984000.0
FL,Florida,2017,211742,105.4,2007999.0
FL,Florida,2018,209427,103.1,2032000.0
FL,Florida,2019,207786,101.1,2055999.0
FL,Florida,2020,201454,96.9,2080000.0
FL,Florida,2021,205237,97.5,2104000.0
FL,Florida,2022,206406,97.0,2128000.0
FL,Florida,2023,203326,94.5,2152000.0
GA,Georgia,1995,124738,142.7,874125.0
GA,Georgia,1996,124995,140.7,888300.0
GA,Georgia,1997,125242,138.8,902475.0
GA,Georgia,1998,127699,139.3,916650.0
GA,Georgia,1999,128792,138.4,930825.0
GA,Georgia,2000,132477,140.2,945000.0
GA,Georgia,2001,132050,137.7,959174.0
GA,Georgia,2002,132499,136.1,973350.0
GA,Georgia,2003,135283,137.0,987524.0
GA,Georgia,2004,136704,136.5,1001700.0
GA,Georgia,2005,137994,135.8,1015875.0
GA,Georgia,2006,142779,138.6,1030050.0
GA,Georgia,2007,145112,139.0,1044225.0
GA,Georgia,2008,143430,135.5,1058400.0
GA,Georgia,2009,139933,130.5,1072575.0
GA,Georgia,2010,136090,125.2,1086750.0
GA,Georgia,2011,135043,122.7,1100925.0
GA,Georgia,2012,135642,121.6,1115100.0
GA,Georgia,2013,135428,119.9,1129275.0
GA,Georgia,2014,137923,120.6,1143450.0
GA,Georgia,2015,138151,119.3,1157625.0
GA,Georgia,2016,137504,117.3,1171800.0
GA,Georgia,2017,134884,113.7,1185975.0
GA,Georgia,2018,133067,110.9,1200150.0
GA,Georgia,2019,132084,108.8,1214325.0
GA,Georgia,2020,128019,104.2,1228500.0
GA,Georgia,2021,130229,104.8,1242675.0
GA,Georgia,2022,130848,104.1,1256850.0
GA,Georgia,2023,128723,101.3,1271025.0
HI,Hawaii,1995,16921,135.6,124800.0
HI,Hawaii,1996,16892,134.2,125840.0
HI,Hawaii,1997,16838,132.7,126880.0
HI,Hawaii,1998,17109,133.7,127920.0
HI,Hawaii,1999,17196,133.3,128960.0
HI,Hawaii,2000,17630,135.6,130000.0
HI,Hawaii,2001,17481,133.4,131040.0
HI,Hawaii,2002,17474,132.3,132080.0
HI,Hawaii,2003,17761,133.4,133120.0
HI,Hawaii,2004,17874,133.2,134160.0
HI,Hawaii,2005,17995,133.1,135200.0
HI,Hawaii,2006,18530,136.0,136240.0
HI,Hawaii,2007,18766,136.7,137280.0
HI,Hawaii,2008,18470,133.5,138320.0
HI,Hawaii,2009,17954,128.8,139360.0
HI,Hawaii,2010,17394,123.9,140400.0
HI,Hawaii,2011,17177,121.4,141440.0
HI,Hawaii,2012,17201,120.7,142480.0
HI,Hawaii,2013,17107,119.2,143520.0
HI,Hawaii,2014,17346,120.0,144560.0
HI,Hawaii,2015,17328,119.0,145600.0
HI,Hawaii,2016,17175,117.1,146640.0
HI,Hawaii,2017,16783,113.6,147680.0
HI,Hawaii,2018,16520,111.1,148720.0
HI,Hawaii,2019,16312,108.9,149760.0
HI,Hawaii,2020,15741,104.4,150800.0
HI,Hawaii,2021,15956,105.1,151840.0
HI,Hawaii,2022,15982,104.5,152880.0
HI,Hawaii,2023,15679,101.9,153920.0
IA,Iowa,1995,37036,126.5,292800.0
IA,Iowa,1996,36955,125.2,295240.0
IA,Iowa,1997,36885,123.9,297680.0
IA,Iowa,1998,37414,124.7,300120.0
IA,Iowa,1999,37588,124.2,302560.0
IA,Iowa,2000,38538,126.4,305000.0
IA,Iowa,2001,38258,124.4,307440.0
IA,Iowa,2002,38234,123.4,309880.0
IA,Iowa,2003,38857,124.4,312320.0
IA,Iowa,2004,39110,124.3,314760.0
IA,Iowa,2005,39354,124.1,317200.0
IA,Iowa,2006,40562,126.9,319640.0
IA,Iowa,2007,41047,127.4,322080.0
IA,Iowa,2008,40418,124.5,324520.0
IA,Iowa,2009,39292,120.2,326960.0
IA,Iowa,2010,38078,115.6,329400.0
IA,Iowa,2011,37615,113.4,331840.0
IA,Iowa,2012,37617,112.5,334280.0
IA,Iowa,2013,37413,111.1,336720.0
IA,Iowa,2014,37976,112.0,339160.0
IA,Iowa,2015,37891,110.9,341600.0
IA,Iowa,2016,37544,109.1,344040.0
IA,Iowa,2017,36730,106.0,346480.0
IA,Iowa,2018,36120,103.5,348920.0
IA,Iowa,2019,35701,101.6,351360.0
IA,Iowa,2020,34415,97.3,353800.0
IA,Iowa,2021,34911,98.0,356240.0
IA,Iowa,2022,34946,97.4,358680.0
IA,Iowa,2023,34300,95.0,361120.0
ID,Idaho,1995,20178,152.3,132480.0
ID,Idaho,1996,20157,150.9,133584.0
ID,Idaho,1997,20112,149.3,134688.0
ID,Idaho,1998,20410,150.3,135792.0
ID,Idaho,1999,20492,149.7,136896.0
ID,Idaho,2000,21022,152.3,138000.0
ID,Idaho,2001,20851,149.9,139104.0
ID,Idaho,2002,20837,148.6,140208.0
ID,Idaho,2003,21191,150.0,141312.0
ID,Idaho,2004,21316,149.7,142416.0
ID,Idaho,2005,21453,149.5,143520.0
ID,Idaho,2006,22111,152.9,144624.0
ID,Idaho,2007,22375,153.5,145728.0
ID,Idaho,2008,22036,150.1,146832.0
ID,Idaho,2009,21439,144.9,147936.0
ID,Idaho,2010,20731,139.1,149040.0
ID,Idaho,2011,20520,136.7,150144.0
ID,Idaho,2012,20524,135.7,151248.0
ID,Idaho,2013,20421,134.0,152352.0
ID,Idaho,2014,20691,134.8,153456.0
ID,Idaho,2015,20660,133.7,154560.0
ID,Idaho,2016,20475,131.5,155664.0
ID,Idaho,2017,20023,127.7,156768.0
ID,Idaho,2018,19710,124.8,157872.0
ID,Idaho,2019,19450,122.3,158976.0
ID,Idaho,2020,18792,117.4,160080.0
ID,Idaho,2021,19048,118.2,161184.0
ID,Idaho,2022,19051,117.4,162288.0
ID,Idaho,2023,18692,114.4,163392.0
IL,Illinois,1995,182773,136.0,1344000.0
IL,Illinois,1996,181675,134.1,1355200.0
IL,Illinois,1997,180251,131.9,1366400.0
IL,Illinois,1998,182230,132.3,1377600.0
IL,Illinois,1999,182009,131.1,1388800.0
IL,Illinois,2000,185746,132.7,1400000.0
IL,Illinois,2001,183449,130.0,1411200.0
IL,Illinois,2002,182274,128.1,1422400.0
IL,Illinois,2003,184452,128.7,1433600.0
IL,Illinois,2004,184527,127.7,1444800.0
IL,Illinois,2005,184837,126.9,1456000.0
IL,Illinois,2006,189690,129.3,1467200.0
IL,Illinois,2007,190881,129.1,1478400.0
IL,Illinois,2008,186942,125.5,1489600.0
IL,Illinois,2009,180843,120.5,1500800.0
IL,Illinois,2010,174205,115.2,1512000.0
IL,Illinois,2011,171277,112.4,1523200.0
IL,Illinois,2012,170559,111.2,1534400.0
IL,Illinois,2013,168755,109.2,1545600.0
IL,Illinois,2014,170165,109.3,1556800.0
IL,Illinois,2015,168825,107.7,1568000.0
IL,Illinois,2016,166612,105.5,1579200.0
IL,Illinois,2017,161784,101.7,1590400.0
IL,Illinois,2018,158370,98.9,1601600.0
IL,Illinois,2019,155616,96.5,1612799.0
IL,Illinois,2020,149162,91.8,1624000.0
IL,Illinois,2021,150428,92.0,1635200.0
IL,Illinois,2022,149919,91.1,1646400.0
IL,Illinois,2023,146154,88.2,1657600.0
IN,Indiana,1995,82925,129.9,638400.0
IN,Indiana,1996,82751,128.6,643720.0
IN,Indiana,1997,82601,127.3,649040.0
IN,Indiana,1998,83865,128.2,654360.0
IN,Indiana,1999,84277,127.8,659680.0
IN,Indiana,2000,86330,129.8,665000.0
IN,Indiana,2001,85734,127.9,670320.0
IN,Indiana,2002,85629,126.7,675640.0
IN,Indiana,2003,87058,127.8,680960.0
IN,Indiana,2004,87620,127.7,686280.0
IN,Indiana,2005,88092,127.4,691600.0
IN,Indiana,2006,90860,130.4,696920.0
IN,Indiana,2007,91982,131.0,702240.0
IN,Indiana,2008,90516,127.9,707560.0
IN,Indiana,2009,88090,123.6,712880.0
IN,Indiana,2010,85257,118.7,718200.0
IN,Indiana,2011,84383,116.6,723520.0
IN,Indiana,2012,84319,115.7,728840.0
IN,Indiana,2013,83915,114.3,734160.0
IN,Indiana,2014,85064,115.0,739480.0
IN,Indiana,2015,84855,113.9,744800.0
IN,Indiana,2016,84204,112.3,750120.0
IN,Indiana,2017,82245,108.9,755440.0
IN,Indiana,2018,80931,106.4,760760.0
IN,Indiana,2019,79950,104.4,766080.0
IN,Indiana,2020,77161,100.0,771400.0
IN,Indiana,2021,78218,100.7,776720.0
IN,Indiana,2022,78216,100.0,782040.0
IN,Indiana,2023,76770,97.5,787360.0
KS,Kansas,1995,38196,136.3,280320.0
KS,Kansas,1996,38157,135.0,282656.0
KS,Kansas,1997,38033,133.5,284992.0
KS,Kansas,1998,38654,134.5,287328.0
KS,Kansas,1999,38846,134.1,289664.0
KS,Kansas,2000,39808,136.3,292000.0
KS,Kansas,2001,39496,134.2,294336.0
KS,Kansas,2002,39445,133.0,296672.0
KS,Kansas,2003,40113,134.2,299008.0
KS,Kansas,2004,40366,134.0,301344.0
KS,Kansas,2005,40618,133.8,303680.0
KS,Kansas,2006,41853,136.8,306016.0
KS,Kansas,2007,42378,137.4,308352.0
KS,Kansas,2008,41739,134.3,310688.0
KS,Kansas,2009,40560,129.6,313024.0
KS,Kansas,2010,39289,124.6,315360.0
KS,Kansas,2011,38838,122.2,317696.0
KS,Kansas,2012,38833,121.3,320032.0
KS,Kansas,2013,38641,119.9,322368.0
KS,Kansas,2014,39177,120.7,324704.0
KS,Kansas,2015,39094,119.5,327040.0
KS,Kansas,2016,38789,117.8,329376.0
KS,Kansas,2017,37908,114.3,331712.0
KS,Kansas,2018,37273,111.6,334048.0
KS,Kansas,2019,36872,109.6,336384.0
KS,Kansas,2020,35531,104.9,338720.0
KS,Kansas,2021,36018,105.6,341056.0
KS,Kansas,2022,36060,105.0,343392.0
KS,Kansas,2023,35373,102.3,345728.0
KY,Kentucky,1995,53711,127.2,422400.0
KY,Kentucky,1996,53626,125.9,425920.0
KY,Kentucky,1997,53449,124.5,429440.0
KY,Kentucky,1998,54315,125.5,432960.0
KY,Kentucky,1999,54551,125.0,436480.0
KY,Kentucky,2000,55936,127.1,440000.0
KY,Kentucky,2001,55475,125.1,443520.0
KY,Kentucky,2002,55448,124.0,447040.0
KY,Kentucky,2003,56391,125.2,450560.0
KY,Kentucky,2004,56655,124.8,454080.0
KY,Kentucky,2005,57070,124.7,457600.0
KY,Kentucky,2006,58876,127.7,461120.0
KY,Kentucky,2007,59568,128.2,464640.0
KY,Kentucky,2008,58638,125.3,468160.0
KY,Kentucky,2009,56977,120.8,471680.0
KY,Kentucky,2010,55194,116.1,475200.0
KY,Kentucky,2011,54597,114.0,478720.0
KY,Kentucky,2012,54589,113.2,482240.0
KY,Kentucky,2013,54290,111.8,485760.0
KY,Kentucky,2014,55083,112.6,489280.0
KY,Kentucky,2015,54912,111.4,492800.0
KY,Kentucky,2016,54484,109.8,496320.0
KY,Kentucky,2017,53307,106.6,499840.0
KY,Kentucky,2018,52364,104.0,503360.0
KY,Kentucky,2019,51797,102.2,506879.0
KY,Kentucky,2020,50011,98.0,510399.0
KY,Kentucky,2021,50620,98.5,513919.0
KY,Kentucky,2022,50724,98.0,517440.0
KY,Kentucky,2023,49728,95.5,520960.0
LA,Louisiana,1995,62933,133.8,470400.0
LA,Louisiana,1996,62800,132.4,474320.0
LA,Louisiana,1997,62546,130.8,478240.0
LA,Louisiana,1998,63646,132.0,482160.0
LA,Louisiana,1999,63933,131.5,486080.0
LA,Louisiana,2000,65526,133.7,490000.0
LA,Louisiana,2001,64991,131.6,493920.0
LA,Louisiana,2002,64968,130.5,497840.0
LA,Louisiana,2003,66093,131.7,501760.0
LA,Louisiana,2004,66449,131.4,505680.0
LA,Louisiana,2005,66920,131.3,509600.0
LA,Louisiana,2006,68943,134.3,513520.0
LA,Louisiana,2007,69781,134.9,517440.0
LA,Louisiana,2008,68657,131.7,521360.0
LA,Louisiana,2009,66833,127.2,525280.0
LA,Louisiana,2010,64665,122.2,529200.0
LA,Louisiana,2011,63901,119.9,533120.0
LA,Louisiana,2012,63952,119.1,537040.0
LA,Louisiana,2013,63636,117.6,540960.0
LA,Louisiana,2014,64506,118.4,544880.0
LA,Louisiana,2015,64417,117.4,548800.0
LA,Louisiana,2016,63916,115.6,552720.0
LA,Louisiana,2017,62397,112.1,556640.0
LA,Louisiana,2018,61359,109.5,560560.0
LA,Louisiana,2019,60660,107.5,564480.0
LA,Louisiana,2020,58512,102.9,568400.0
LA,Louisiana,2021,59369,103.7,572320.0
LA,Louisiana,2022,59437,103.1,576240.0
LA,Louisiana,2023,58361,100.6,580160.0
MA,Massachusetts,1995,78147,114.7,681600.0
MA,Massachusetts,1996,77962,113.4,687280.0
MA,Massachusetts,1997,77706,112.1,692960.0
MA,Massachusetts,1998,78943,113.0,698640.0
MA,Massachusetts,1999,79281,112.6,704320.0
MA,Massachusetts,2000,81367,114.6,710000.0
MA,Massachusetts,2001,80695,112.8,715680.0
MA,Massachusetts,2002,80661,111.8,721360.0
MA,Massachusetts,2003,82094,112.9,727040.0
MA,Massachusetts,2004,82470,112.6,732720.0
MA,Massachusetts,2005,83016,112.4,738400.0
MA,Massachusetts,2006,85532,115.0,744080.0
MA,Massachusetts,2007,86625,115.5,749760.0
MA,Massachusetts,2008,85269,112.9,755440.0
MA,Massachusetts,2009,82888,108.9,761120.0
MA,Massachusetts,2010,80346,104.8,766800.0
MA,Massachusetts,2011,79416,102.8,772480.0
MA,Massachusetts,2012,79394,102.0,778160.0
MA,Massachusetts,2013,79020,100.8,783840.0
MA,Massachusetts,2014,80092,101.4,789520.0
MA,Massachusetts,2015,79968,100.6,795200.0
MA,Massachusetts,2016,79339,99.1,800880.0
MA,Massachusetts,2017,77559,96.2,806560.0
MA,Massachusetts,2018,76239,93.9,812240.0
MA,Massachusetts,2019,75383,92.2,817919.0
MA,Massachusetts,2020,72585,88.1,823600.0
MA,Massachusetts,2021,73686,88.9,829280.0
MA,Massachusetts,2022,73768,88.3,834960.0
MA,Massachusetts,2023,72377,86.1,840640.0
MD,Maryland,1995,70629,124.7,566400.0
MD,Maryland,1996,70465,123.4,571120.0
MD,Maryland,1997,70234,122.0,575840.0
MD,Maryland,1998,71368,122.9,580560.0
MD,Maryland,1999,71798,122.7,585280.0
MD,Maryland,2000,73592,124.7,590000.0
MD,Maryland,2001,73007,122.8,594720.0
MD,Maryland,2002,72931,121.7,599440.0
MD,Maryland,2003,74074,122.6,604160.0
MD,Maryland,2004,74461,122.3,608880.0
MD,Maryland,2005,75059,122.3,613600.0
MD,Maryland,2006,77336,125.1,618320.0
MD,Maryland,2007,78292,125.7,623040.0
MD,Maryland,2008,77052,122.7,627760.0
MD,Maryland,2009,74882,118.4,632480.0
MD,Maryland,2010,72552,113.9,637200.0
MD,Maryland,2011,71762,111.8,641920.0
MD,Maryland,2012,71801,111.0,646640.0
MD,Maryland,2013,71432,109.7,651360.0
MD,Maryland,2014,72428,110.4,656080.0
MD,Maryland,2015,72257,109.3,660800.0
MD,Maryland,2016,71655,107.7,665520.0
MD,Maryland,2017,70112,104.6,670240.0
MD,Maryland,2018,68976,102.2,674960.0
MD,Maryland,2019,68068,100.1,679680.0
MD,Maryland,2020,65651,95.9,684400.0
MD,Maryland,2021,66619,96.7,689120.0
MD,Maryland,2022,66630,96.0,693840.0
MD,Maryland,2023,65409,93.6,698560.0
ME,Maine,1995,13119,103.5,126720.0
ME,Maine,1996,13071,102.3,127776.0
ME,Maine,1997,13045,101.3,128832.0
ME,Maine,1998,13236,101.9,129888.0
ME,Maine,1999,13305,101.6,130944.0
ME,Maine,2000,13657,103.5,132000.0
ME,Maine,2001,13528,101.7,133056.0
ME,Maine,2002,13528,100.9,134112.0
ME,Maine,2003,13762,101.8,135168.0
ME,Maine,2004,13834,101.6,136224.0
ME,Maine,2005,13919,101.4,137280.0
ME,Maine,2006,14351,103.7,138336.0
ME,Maine,2007,14523,104.2,139392.0
ME,Maine,2008,14311,101.9,140448.0
ME,Maine,2009,13906,98.3,141504.0
ME,Maine,2010,13460,94.4,142560.0
ME,Maine,2011,13310,92.7,143616.0
ME,Maine,2012,13311,92.0,144672.0
ME,Maine,2013,13245,90.9,145728.0
ME,Maine,2014,13437,91.5,146784.0
ME,Maine,2015,13412,90.7,147840.0
ME,Maine,2016,13291,89.3,148896.0
ME,Maine,2017,12998,86.7,149952.0
ME,Maine,2018,12782,84.6,151008.0
ME,Maine,2019,12635,83.1,152064.0
ME,Maine,2020,12189,79.6,153120.0
ME,Maine,2021,12355,80.1,154176.0
ME,Maine,2022,12392,79.8,155232.0
ME,Maine,2023,12133,77.6,156288.0
MI,Michigan,1995,135790,127.0,1069200.0
MI,Michigan,1996,134801,125.8,1071360.0
MI,Michigan,1997,133549,124.4,1073520.0
MI,Michigan,1998,134886,125.4,1075680.0
MI,Michigan,1999,134743,125.0,1077840.0
MI,Michigan,2000,137484,127.3,1080000.0
MI,Michigan,2001,135262,125.0,1082160.0
MI,Michigan,2002,134495,124.0,1084320.0
MI,Michigan,2003,135942,125.1,1086480.0
MI,Michigan,2004,135870,124.8,1088640.0
MI,Michigan,2005,135989,124.7,1090800.0
MI,Michigan,2006,139219,127.4,1092960.0
MI,Michigan,2007,140024,127.9,1095120.0
MI,Michigan,2008,137082,124.9,1097280.0
MI,Michigan,2009,132452,120.5,1099440.0
MI,Michigan,2010,127358,115.6,1101600.0
MI,Michigan,2011,125097,113.3,1103760.0
MI,Michigan,2012,124201,112.3,1105920.0
MI,Michigan,2013,122977,111.0,1108080.0
MI,Michigan,2014,123862,111.6,1110240.0
MI,Michigan,2015,122742,110.3,1112400.0
MI,Michigan,2016,120935,108.5,1114560.0
MI,Michigan,2017,117558,105.3,1116720.0
MI,Michigan,2018,114728,102.5,1118880.0
MI,Michigan,2019,112569,100.4,1121040.0
MI,Michigan,2020,107962,96.1,1123200.0
MI,Michigan,2021,108773,96.7,1125360.0
MI,Michigan,2022,108045,95.8,1127520.0
MI,Michigan,2023,105153,93.1,1129680.0
MN,Minnesota,1995,65138,121.2,537600.0
MN,Minnesota,1996,64966,119.8,542080.0
MN,Minnesota,1997,64904,118.8,546560.0
MN,Minnesota,1998,65860,119.5,551040.0
MN,Minnesota,1999,66143,119.1,555520.0
MN,Minnesota,2000,67837,121.1,560000.0
MN,Minnesota,2001,67227,119.1,564480.0
MN,Minnesota,2002,67214,118.1,568960.0
MN,Minnesota,2003,68452,119.4,573440.0
MN,Minnesota,2004,68781,119.0,577920.0
MN,Minnesota,2005,69143,118.7,582400.0
MN,Minnesota,2006,71261,121.4,586880.0
MN,Minnesota,2007,72175,122.0,591360.0
MN,Minnesota,2008,71034,119.2,595840.0
MN,Minnesota,2009,69127,115.2,600320.0
MN,Minnesota,2010,66908,110.6,604800.0
MN,Minnesota,2011,66203,108.7,609280.0
MN,Minnesota,2012,66138,107.8,613760.0
MN,Minnesota,2013,65857,106.5,618240.0
MN,Minnesota,2014,66769,107.2,622720.0
MN,Minnesota,2015,66645,106.3,627200.0
MN,Minnesota,2016,66119,104.7,631680.0
MN,Minnesota,2017,64600,101.5,636160.0
MN,Minnesota,2018,63607,99.3,640640.0
MN,Minnesota,2019,62829,97.4,645120.0
MN,Minnesota,2020,60533,93.2,649600.0
MN,Minnesota,2021,61389,93.9,654080.0
MN,Minnesota,2022,61508,93.4,658560.0
MN,Minnesota,2023,60310,91.0,663040.0
MO,Missouri,1995,73524,127.6,576000.0
MO,Missouri,1996,73394,126.4,580800.0
MO,Missouri,1997,73230,125.1,585600.0
MO,Missouri,1998,74333,125.9,590400.0
MO,Missouri,1999,74651,125.4,595200.0
MO,Missouri,2000,76500,127.5,600000.0
MO,Missouri,2001,76015,125.7,604800.0
MO,Missouri,2002,75950,124.6,609600.0
MO,Missouri,2003,77154,125.6,614400.0
MO,Missouri,2004,77661,125.4,619200.0
MO,Missouri,2005,78172,125.3,624000.0
MO,Missouri,2006,80519,128.1,628800.0
MO,Missouri,2007,81570,128.7,633600.0
MO,Missouri,2008,80286,125.8,638400.0
MO,Missouri,2009,77968,121.2,643200.0
MO,Missouri,2010,75518,116.5,648000.0
MO,Missouri,2011,74775,114.5,652800.0
MO,Missouri,2012,74717,113.6,657600.0
MO,Missouri,2013,74409,112.3,662400.0
MO,Missouri,2014,75381,113.0,667200.0
MO,Missouri,2015,75243,112.0,672000.0
MO,Missouri,2016,74613,110.2,676800.0
MO,Missouri,2017,72997,107.1,681600.0
MO,Missouri,2018,71747,104.5,686400.0
MO,Missouri,2019,70937,102.6,691200.0
MO,Missouri,2020,68393,98.3,696000.0
MO,Missouri,2021,69333,98.9,700800.0
MO,Missouri,2022,69375,98.3,705600.0
MO,Missouri,2023,68065,95.8,710400.0
MS,Mississippi,1995,41935,138.7,302400.0
MS,Mississippi,1996,41893,137.4,304920.0
MS,Mississippi,1997,41746,135.8,307440.0
MS,Mississippi,1998,42431,136.9,309960.0
MS,Mississippi,1999,42626,136.4,312480.0
MS,Mississippi,2000,43689,138.7,315000.0
MS,Mississippi,2001,43341,136.5,317520.0
MS,Mississippi,2002,43311,135.3,320040.0
MS,Mississippi,2003,44016,136.5,322560.0
MS,Mississippi,2004,44282,136.2,325080.0
MS,Mississippi,2005,44598,136.1,327600.0
MS,Mississippi,2006,46000,139.3,330120.0
MS,Mississippi,2007,46534,139.9,332640.0
MS,Mississippi,2008,45762,136.5,335160.0
MS,Mississippi,2009,44519,131.8,337680.0
MS,Mississippi,2010,43098,126.7,340200.0
MS,Mississippi,2011,42653,124.5,342720.0
MS,Mississippi,2012,42637,123.5,345240.0
MS,Mississippi,2013,42431,122.0,347760.0
MS,Mississippi,2014,43026,122.8,350280.0
MS,Mississippi,2015,42887,121.6,352800.0
MS,Mississippi,2016,42575,119.8,355320.0
MS,Mississippi,2017,41600,116.3,357840.0
MS,Mississippi,2018,40971,113.7,360360.0
MS,Mississippi,2019,40500,111.6,362880.0
MS,Mississippi,2020,39006,106.7,365400.0
MS,Mississippi,2021,39580,107.6,367920.0
MS,Mississippi,2022,39623,107.0,370440.0
MS,Mississippi,2023,38833,104.1,372960.0
MT,Montana,1995,10568,121.0,87360.0
MT,Montana,1996,10549,119.8,88088.0
MT,Montana,1997,10510,118.3,88816.0
MT,Montana,1998,10678,119.2,89544.0
MT,Montana,1999,10727,118.8,90272.0
MT,Montana,2000,11001,120.9,91000.0
MT,Montana,2001,10913,119.0,91728.0
MT,Montana,2002,10907,118.0,92456.0
MT,Montana,2003,11092,119.0,93184.0
MT,Montana,2004,11154,118.8,93912.0
MT,Montana,2005,11220,118.6,94640.0
MT,Montana,2006,11568,121.3,95368.0
MT,Montana,2007,11712,121.9,96096.0
MT,Montana,2008,11535,119.1,96824.0
MT,Montana,2009,11211,114.9,97552.0
MT,Montana,2010,10858,110.5,98280.0
MT,Montana,2011,10739,108.5,99008.0
MT,Montana,2012,10721,107.5,99736.0
MT,Montana,2013,10684,106.3,100464.0
MT,Montana,2014,10837,107.1,101192.0
MT,Montana,2015,10807,106.0,101920.0
MT,Montana,2016,10713,104.4,102648.0
MT,Montana,2017,10476,101.3,103376.0
MT,Montana,2018,10308,99.0,104104.0
MT,Montana,2019,10191,97.2,104831.0
MT,Montana,2020,9827,93.1,105560.0
MT,Montana,2021,9966,93.8,106288.0
MT,Montana,2022,9971,93.2,107016.0
MT,Montana,2023,9781,90.8,107744.0
NC,North Carolina,1995,111179,136.6,814000.0
NC,North Carolina,1996,111649,135.0,827200.0
NC,North Carolina,1997,111882,133.1,840400.0
NC,North Carolina,1998,114082,133.6,853600.0
NC,North Carolina,1999,115301,133.0,866800.0
NC,North Carolina,2000,118721,134.9,880000.0
NC,North Carolina,2001,118567,132.7,893199.0
NC,North Carolina,2002,118959,131.2,906400.0
NC,North Carolina,2003,121579,132.2,919599.0
NC,North Carolina,2004,122899,131.8,932800.0
NC,North Carolina,2005,124233,131.3,946000.0
NC,North Carolina,2006,128734,134.2,959200.0
NC,North Carolina,2007,130891,134.6,972400.0
NC,North Carolina,2008,129449,131.3,985600.0
NC,North Carolina,2009,126539,126.7,998800.0
NC,North Carolina,2010,123159,121.7,1011999.0
NC,North Carolina,2011,122350,119.3,1025200.0
NC,North Carolina,2012,122844,118.3,1038400.0
NC,North Carolina,2013,122896,116.9,1051600.0
NC,North Carolina,2014,125210,117.6,1064800.0
NC,North Carolina,2015,125521,116.4,1078000.0
NC,North Carolina,2016,125064,114.6,1091200.0
NC,North Carolina,2017,122783,111.2,1104400.0
NC,North Carolina,2018,121338,108.6,1117600.0
NC,North Carolina,2019,120568,106.6,1130800.0
NC,North Carolina,2020,116727,102.0,1144000.0
NC,North Carolina,2021,118877,102.7,1157200.0
NC,North Carolina,2022,119623,102.2,1170400.0
NC,North Carolina,2023,117776,99.5,1183600.0
ND,North Dakota,1995,7403,116.8,63360.0
ND,North Dakota,1996,7393,115.7,63888.0
ND,North Dakota,1997,7362,114.3,64416.0
ND,North Dakota,1998,7483,115.2,64944.0
ND,North Dakota,1999,7522,114.9,65472.0
ND,North Dakota,2000,7713,116.9,66000.0
ND,North Dakota,2001,7649,115.0,66528.0
ND,North Dakota,2002,7644,114.0,67056.0
ND,North Dakota,2003,7760,114.8,67584.0
ND,North Dakota,2004,7812,114.7,68112.0
ND,North Dakota,2005,7868,114.6,68640.0
ND,North Dakota,2006,8109,117.2,69168.0
ND,North Dakota,2007,8205,117.7,69696.0
ND,North Dakota,2008,8077,115.0,70224.0
ND,North Dakota,2009,7861,111.1,70752.0
ND,North Dakota,2010,7606,106.7,71280.0
ND,North Dakota,2011,7516,104.7,71808.0
ND,North Dakota,2012,7523,104.0,72336.0
ND,North Dakota,2013,7479,102.6,72864.0
ND,North Dakota,2014,7583,103.3,73392.0
ND,North Dakota,2015,7569,102.4,73920.0
ND,North Dakota,2016,7504,100.8,74448.0
ND,North Dakota,2017,7341,97.9,74976.0
ND,North Dakota,2018,7224,95.7,75504.0
ND,North Dakota,2019,7142,93.9,76032.0
ND,North Dakota,2020,6884,89.9,76560.0
ND,North Dakota,2021,6980,90.5,77088.0
ND,North Dakota,2022,6990,90.1,77616.0
ND,North Dakota,2023,6849,87.6,78144.0
NE,Nebraska,1995,24269,136.6,177600.0
NE,Nebraska,1996,24207,135.2,179080.0
NE,Nebraska,1997,24167,133.8,180560.0
NE,Nebraska,1998,24551,134.9,182040.0
NE,Nebraska,1999,24666,134.4,183520.0
NE,Nebraska,2000,25287,136.7,185000.0
NE,Nebraska,2001,25081,134.5,186480.0
NE,Nebraska,2002,25085,133.5,187960.0
NE,Nebraska,2003,25494,134.6,189440.0
NE,Nebraska,2004,25624,134.2,190920.0
NE,Nebraska,2005,25813,134.2,192400.0
NE,Nebraska,2006,26606,137.2,193880.0
NE,Nebraska,2007,26938,137.9,195360.0
NE,Nebraska,2008,26519,134.7,196840.0
NE,Nebraska,2009,25782,130.0,198320.0
NE,Nebraska,2010,24948,124.9,199800.0
NE,Nebraska,2011,24677,122.6,201280.0
NE,Nebraska,2012,24686,121.7,202760.0
NE,Nebraska,2013,24540,120.2,204240.0
NE,Nebraska,2014,24918,121.1,205720.0
NE,Nebraska,2015,24865,120.0,207200.0
NE,Nebraska,2016,24644,118.1,208680.0
NE,Nebraska,2017,24098,114.7,210160.0
NE,Nebraska,2018,23674,111.9,211640.0
NE,Nebraska,2019,23423,109.9,213119.0
NE,Nebraska,2020,22579,105.2,214599.0
NE,Nebraska,2021,22895,106.0,216080.0
NE,Nebraska,2022,22930,105.4,217560.0
NE,Nebraska,2023,22468,102.6,219040.0
NH,New Hampshire,1995,13894,106.4,130560.0
NH,New Hampshire,1996,13877,105.4,131648.0
NH,New Hampshire,1997,13836,104.2,132736.0
NH,New Hampshire,1998,14067,105.1,133824.0
NH,New Hampshire,1999,14121,104.7,134912.0
NH,New Hampshire,2000,14484,106.5,136000.0
NH,New Hampshire,2001,14358,104.7,137088.0
NH,New Hampshire,2002,14346,103.8,138176.0
NH,New Hampshire,2003,14602,104.9,139264.0
NH,New Hampshire,2004,14687,104.6,140352.0
NH,New Hampshire,2005,14770,104.4,141440.0
NH,New Hampshire,2006,15233,106.9,142528.0
NH,New Hampshire,2007,15408,107.3,143616.0
NH,New Hampshire,2008,15161,104.8,144704.0
NH,New Hampshire,2009,14753,101.2,145792.0
NH,New Hampshire,2010,14301,97.4,146880.0
NH,New Hampshire,2011,14134,95.5,147968.0
NH,New Hampshire,2012,14118,94.7,149056.0
NH,New Hampshire,2013,14051,93.6,150144.0
NH,New Hampshire,2014,14246,94.2,151232.0
NH,New Hampshire,2015,14240,93.5,152320.0
NH,New Hampshire,2016,14114,92.0,153408.0
NH,New Hampshire,2017,13790,89.3,154496.0
NH,New Hampshire,2018,13561,87.2,155584.0
NH,New Hampshire,2019,13393,85.5,156672.0
NH,New Hampshire,2020,12921,81.9,157760.0
NH,New Hampshire,2021,13105,82.5,158848.0
NH,New Hampshire,2022,13106,81.9,159936.0
NH,New Hampshire,2023,12874,80.0,161024.0
NJ,New Jersey,1995,112073,127.6,878400.0
NJ,New Jersey,1996,111504,125.9,885720.0
NJ,New Jersey,1997,110967,124.3,893040.0
NJ,New Jersey,1998,112389,124.8,900360.0
NJ,New Jersey,1999,112602,124.1,907680.0
NJ,New Jersey,2000,115090,125.8,915000.0
NJ,New Jersey,2001,113777,123.4,922320.0
NJ,New Jersey,2002,113303,121.9,929640.0
NJ,New Jersey,2003,114871,122.6,936960.0
NJ,New Jersey,2004,115069,121.9,944280.0
NJ,New Jersey,2005,115553,121.4,951600.0
NJ,New Jersey,2006,118774,123.9,958920.0
NJ,New Jersey,2007,119811,124.0,966240.0
NJ,New Jersey,2008,117669,120.9,973560.0
NJ,New Jersey,2009,114002,116.2,980880.0
NJ,New Jersey,2010,110172,111.5,988200.0
NJ,New Jersey,2011,108514,109.0,995520.0
NJ,New Jersey,2012,108092,107.8,1002840.0
NJ,New Jersey,2013,107345,106.3,1010160.0
NJ,New Jersey,2014,108486,106.6,1017480.0
NJ,New Jersey,2015,108009,105.4,1024800.0
NJ,New Jersey,2016,106738,103.4,1032120.0
NJ,New Jersey,2017,104014,100.1,1039440.0
NJ,New Jersey,2018,101885,97.3,1046760.0
NJ,New Jersey,2019,100507,95.4,1054080.0
NJ,New Jersey,2020,96536,91.0,1061400.0
NJ,New Jersey,2021,97675,91.4,1068720.0
NJ,New Jersey,2022,97391,90.5,1076040.0
NJ,New Jersey,2023,95244,87.9,1083360.0
NM,New Mexico,1995,26568,141.9,187200.0
NM,New Mexico,1996,26517,140.5,188760.0
NM,New Mexico,1997,26456,139.0,190320.0
NM,New Mexico,1998,26881,140.1,191880.0
NM,New Mexico,1999,27009,139.6,193440.0
NM,New Mexico,2000,27665,141.9,195000.0
NM,New Mexico,2001,27468,139.7,196560.0
NM,New Mexico,2002,27433,138.5,198120.0
NM,New Mexico,2003,27877,139.6,199680.0
NM,New Mexico,2004,28050,139.4,201240.0
NM,New Mexico,2005,28200,139.1,202800.0
NM,New Mexico,2006,29117,142.5,204360.0
NM,New Mexico,2007,29453,143.0,205920.0
NM,New Mexico,2008,29013,139.8,207480.0
NM,New Mexico,2009,28204,134.9,209040.0
NM,New Mexico,2010,27287,129.6,210600.0
NM,New Mexico,2011,26986,127.2,212160.0
NM,New Mexico,2012,27000,126.3,213720.0
NM,New Mexico,2013,26844,124.7,215280.0
NM,New Mexico,2014,27252,125.7,216840.0
NM,New Mexico,2015,27184,124.5,218400.0
NM,New Mexico,2016,26967,122.6,219960.0
NM,New Mexico,2017,26335,118.9,221520.0
NM,New Mexico,2018,25934,116.3,223080.0
NM,New Mexico,2019,25634,114.1,224639.0
NM,New Mexico,2020,24706,109.2,226199.0
NM,New Mexico,2021,25049,110.0,227760.0
NM,New Mexico,2022,25075,109.3,229320.0
NM,New Mexico,2023,24606,106.6,230880.0
NV,Nevada,1995,28793,138.3,208125.0
NV,Nevada,1996,28857,136.4,211500.0
NV,Nevada,1997,28970,134.8,214875.0
NV,Nevada,1998,29565,135.5,218250.0
NV,Nevada,1999,29858,134.7,221625.0
NV,Nevada,2000,30736,136.6,225000.0
NV,Nevada,2001,30663,134.3,228374.0
NV,Nevada,2002,30821,133.0,231750.0
NV,Nevada,2003,31457,133.8,235124.0
NV,Nevada,2004,31855,133.6,238500.0
NV,Nevada,2005,32209,133.2,241875.0
NV,Nevada,2006,33354,136.0,245250.0
NV,Nevada,2007,33929,136.5,248625.0
NV,Nevada,2008,33542,133.1,252000.0
NV,Nevada,2009,32759,128.3,255375.0
NV,Nevada,2010,31875,123.2,258749.0
NV,Nevada,2011,31672,120.8,262125.0
NV,Nevada,2012,31855,120.0,265500.0
NV,Nevada,2013,31805,118.3,268875.0
NV,Nevada,2014,32396,119.0,272250.0
NV,Nevada,2015,32484,117.9,275625.0
NV,Nevada,2016,32383,116.1,279000.0
NV,Nevada,2017,31779,112.5,282375.0
NV,Nevada,2018,31415,109.9,285750.0
NV,Nevada,2019,31206,107.9,289125.0
NV,Nevada,2020,30212,103.3,292500.0
NV,Nevada,2021,30783,104.0,295875.0
NV,Nevada,2022,30932,103.4,299250.0
NV,Nevada,2023,30505,100.8,302625.0
NY,New York,1995,255853,124.0,2064000.0
NY,New York,1996,253798,121.9,2081200.0
NY,New York,1997,251788,120.0,2098400.0
NY,New York,1998,254223,120.2,2115600.0
NY,New York,1999,253879,119.0,2132800.0
NY,New York,2000,258764,120.4,2150000.0
NY,New York,2001,255298,117.8,2167200.0
NY,New York,2002,253543,116.1,2184400.0
NY,New York,2003,256197,116.4,2201600.0
NY,New York,2004,256079,115.4,2218800.0
NY,New York,2005,256134,114.6,2236000.0
NY,New York,2006,262727,116.6,2253200.0
NY,New York,2007,264057,116.3,2270400.0
NY,New York,2008,258128,112.8,2287600.0
NY,New York,2009,249576,108.3,2304800.0
NY,New York,2010,240011,103.4,2322000.0
NY,New York,2011,235849,100.8,2339200.0
NY,New York,2012,234165,99.4,2356400.0
NY,New York,2013,231605,97.6,2373600.0
NY,New York,2014,233482,97.7,2390800.0
NY,New York,2015,231384,96.1,2408000.0
NY,New York,2016,228070,94.0,2425200.0
NY,New York,2017,221139,90.5,2442400.0
NY,New York,2018,216250,87.9,2459600.0
NY,New York,2019,212205,85.7,2476800.0
NY,New York,2020,203235,81.5,2494000.0
NY,New York,2021,204919,81.6,2511200.0
NY,New York,2022,203590,80.5,2528400.0
NY,New York,2023,198277,77.9,2545600.0
OH,Ohio,1995,151789,125.7,1207800.0
OH,Ohio,1996,150944,124.7,1210240.0
OH,Ohio,1997,150026,123.7,1212680.0
OH,Ohio,1998,151813,124.9,1215120.0
OH,Ohio,1999,151838,124.7,1217560.0
OH,Ohio,2000,155208,127.2,1220000.0
OH,Ohio,2001,153084,125.2,1222440.0
OH,Ohio,2002,152397,124.4,1224880.0
OH,Ohio,2003,154241,125.7,1227320.0
OH,Ohio,2004,154757,125.8,1229760.0
OH,Ohio,2005,155103,125.9,1232200.0
OH,Ohio,2006,159202,128.9,1234640.0
OH,Ohio,2007,160388,129.7,1237080.0
OH,Ohio,2008,157205,126.8,1239520.0
OH,Ohio,2009,152349,122.7,1241960.0
OH,Ohio,2010,147062,118.2,1244400.0
OH,Ohio,2011,144667,116.0,1246840.0
OH,Ohio,2012,143985,115.3,1249280.0
OH,Ohio,2013,142661,114.0,1251720.0
OH,Ohio,2014,144109,114.9,1254160.0
OH,Ohio,2015,143342,114.1,1256600.0
OH,Ohio,2016,141466,112.4,1259040.0
OH,Ohio,2017,137791,109.2,1261480.0
OH,Ohio,2018,134944,106.8,1263920.0
OH,Ohio,2019,132597,104.7,1266360.0
OH,Ohio,2020,127329,100.4,1268800.0
OH,Ohio,2021,128495,101.1,1271240.0
OH,Ohio,2022,128249,100.7,1273680.0
OH,Ohio,2023,125217,98.1,1276120.0
OK,Oklahoma,1995,47356,135.1,350400.0
OK,Oklahoma,1996,47291,133.8,353320.0
OK,Oklahoma,1997,47147,132.3,356240.0
OK,Oklahoma,1998,47887,133.3,359160.0
OK,Oklahoma,1999,48123,132.9,362080.0
OK,Oklahoma,2000,49317,135.1,365000.0
OK,Oklahoma,2001,48904,132.9,367920.0
OK,Oklahoma,2002,48926,131.9,370840.0
OK,Oklahoma,2003,49730,133.1,373760.0
OK,Oklahoma,2004,50013,132.8,376680.0
OK,Oklahoma,2005,50321,132.6,379600.0
OK,Oklahoma,2006,51895,135.7,382520.0
OK,Oklahoma,2007,52541,136.3,385440.0
OK,Oklahoma,2008,51722,133.2,388360.0
OK,Oklahoma,2009,50244,128.4,391280.0
OK,Oklahoma,2010,48666,123.5,394200.0
OK,Oklahoma,2011,48109,121.1,397120.0
OK,Oklahoma,2012,48112,120.3,400040.0
OK,Oklahoma,2013,47893,118.9,402960.0
OK,Oklahoma,2014,48586,119.7,405880.0
OK,Oklahoma,2015,48470,118.6,408800.0
OK,Oklahoma,2016,48050,116.7,411720.0
OK,Oklahoma,2017,46945,113.2,414640.0
OK,Oklahoma,2018,46209,110.7,417560.0
OK,Oklahoma,2019,45650,108.6,420479.0
OK,Oklahoma,2020,44066,104.1,423399.0
OK,Oklahoma,2021,44667,104.8,426320.0
OK,Oklahoma,2022,44720,104.2,429240.0
OK,Oklahoma,2023,43841,101.4,432160.0
OR,Oregon,1995,43853,121.8,360000.0
OR,Oregon,1996,43738,120.5,363000.0
OR,Oregon,1997,43649,119.3,366000.0
OR,Oregon,1998,44371,120.2,369000.0
OR,Oregon,1999,44574,119.8,372000.0
OR,Oregon,2000,45697,121.9,375000.0
OR,Oregon,2001,45342,120.0,378000.0
OR,Oregon,2002,45311,118.9,381000.0
OR,Oregon,2003,46035,119.9,384000.0
OR,Oregon,2004,46327,119.7,387000.0
OR,Oregon,2005,46618,119.5,390000.0
OR,Oregon,2006,48048,122.3,393000.0
OR,Oregon,2007,48653,122.9,396000.0
OR,Oregon,2008,47846,119.9,399000.0
OR,Oregon,2009,46593,115.9,402000.0
OR,Oregon,2010,45079,111.3,405000.0
OR,Oregon,2011,44586,109.3,408000.0
OR,Oregon,2012,44572,108.4,411000.0
OR,Oregon,2013,44351,107.1,414000.0
OR,Oregon,2014,44963,107.8,417000.0
OR,Oregon,2015,44914,106.9,420000.0
OR,Oregon,2016,44556,105.3,423000.0
OR,Oregon,2017,43537,102.2,426000.0
OR,Oregon,2018,42758,99.7,429000.0
OR,Oregon,2019,42293,97.9,431999.0
OR,Oregon,2020,40804,93.8,434999.0
OR,Oregon,2021,41391,94.5,438000.0
OR,Oregon,2022,41419,93.9,441000.0
OR,Oregon,2023,40632,91.5,444000.0
PA,Pennsylvania,1995,143394,114.9,1248000.0
PA,Pennsylvania,1996,142629,113.3,1258400.0
PA,Pennsylvania,1997,141676,111.7,1268800.0
PA,Pennsylvania,1998,143438,112.1,1279200.0
PA,Pennsylvania,1999,143344,111.2,1289600.0
PA,Pennsylvania,2000,146450,112.7,1300000.0
PA,Pennsylvania,2001,144737,110.5,1310400.0
PA,Pennsylvania,2002,144073,109.1,1320800.0
PA,Pennsylvania,2003,145926,109.6,1331200.0
PA,Pennsylvania,2004,146240,109.0,1341600.0
PA,Pennsylvania,2005,146381,108.3,1352000.0
PA,Pennsylvania,2006,150407,110.4,1362400.0
PA,Pennsylvania,2007,151561,110.4,1372800.0
PA,Pennsylvania,2008,148667,107.5,1383200.0
PA,Pennsylvania,2009,143911,103.3,1393600.0
PA,Pennsylvania,2010,138635,98.7,1404000.0
PA,Pennsylvania,2011,136669,96.6,1414400.0
PA,Pennsylvania,2012,136190,95.6,1424800.0
PA,Pennsylvania,2013,134850,94.0,1435200.0
PA,Pennsylvania,2014,136284,94.3,1445600.0
PA,Pennsylvania,2015,135271,92.9,1456000.0
PA,Pennsylvania,2016,133670,91.2,1466400.0
PA,Pennsylvania,2017,130043,88.1,1476800.0
PA,Pennsylvania,2018,127393,85.7,1487200.0
PA,Pennsylvania,2019,125398,83.7,1497600.0
PA,Pennsylvania,2020,120403,79.8,1508000.0
PA,Pennsylvania,2021,121582,80.1,1518400.0
PA,Pennsylvania,2022,121183,79.3,1528800.0
PA,Pennsylvania,2023,118260,76.8,1539200.0
RI,Rhode Island,1995,12087,110.4,109440.0
RI,Rhode Island,1996,12053,109.2,110352.0
RI,Rhode Island,1997,12032,108.1,111264.0
RI,Rhode Island,1998,12219,108.9,112176.0
RI,Rhode Island,1999,12274,108.5,113088.0
RI,Rhode Island,2000,12589,110.4,114000.0
RI,Rhode Island,2001,12485,108.6,114912.0
RI,Rhode Island,2002,12474,107.7,115824.0
RI,Rhode Island,2003,12690,108.7,116736.0
RI,Rhode Island,2004,12766,108.5,117648.0
RI,Rhode Island,2005,12854,108.4,118560.0
RI,Rhode Island,2006,13249,110.9,119472.0
RI,Rhode Island,2007,13409,111.4,120384.0
RI,Rhode Island,2008,13189,108.7,121296.0
RI,Rhode Island,2009,12824,104.9,122208.0
RI,Rhode Island,2010,12428,100.9,123120.0
RI,Rhode Island,2011,12272,98.9,124032.0
RI,Rhode Island,2012,12300,98.4,124944.0
RI,Rhode Island,2013,12218,97.1,125856.0
RI,Rhode Island,2014,12395,97.8,126768.0
RI,Rhode Island,2015,12368,96.9,127680.0
RI,Rhode Island,2016,12269,95.4,128592.0
RI,Rhode Island,2017,11996,92.6,129504.0
RI,Rhode Island,2018,11787,90.4,130416.0
RI,Rhode Island,2019,11645,88.7,131328.0
RI,Rhode Island,2020,11245,85.0,132240.0
RI,Rhode Island,2021,11399,85.6,133152.0
RI,Rhode Island,2022,11416,85.2,134064.0
RI,Rhode Island,2023,11192,82.9,134976.0
SC,South Carolina,1995,54086,131.0,412800.0
SC,South Carolina,1996,54048,129.8,416240.0
SC,South Carolina,1997,53841,128.3,419680.0
SC,South Carolina,1998,54689,129.3,423120.0
SC,South Carolina,1999,54937,128.8,426560.0
SC,South Carolina,2000,56405,131.2,430000.0
SC,South Carolina,2001,55855,128.9,433440.0
SC,South Carolina,2002,55913,128.0,436880.0
SC,South Carolina,2003,56839,129.1,440320.0
SC,South Carolina,2004,57115,128.7,443760.0
SC,South Carolina,2005,57512,128.6,447200.0
SC,South Carolina,2006,59311,131.6,450640.0
SC,South Carolina,2007,59985,132.1,454080.0
SC,South Carolina,2008,59045,129.1,457520.0
SC,South Carolina,2009,57375,124.5,460960.0
SC,South Carolina,2010,55568,119.7,464400.0
SC,South Carolina,2011,54950,117.5,467840.0
SC,South Carolina,2012,54991,116.7,471280.0
SC,South Carolina,2013,54683,115.2,474720.0
SC,South Carolina,2014,55511,116.1,478160.0
SC,South Carolina,2015,55371,115.0,481600.0
SC,South Carolina,2016,54835,113.1,485040.0
SC,South Carolina,2017,53661,109.9,488480.0
SC,South Carolina,2018,52837,107.4,491920.0
SC,South Carolina,2019,52159,105.3,495359.0
SC,South Carolina,2020,50290,100.8,498799.0
SC,South Carolina,2021,51037,101.6,502239.0
SC,South Carolina,2022,51085,101.0,505680.0
SC,South Carolina,2023,50085,98.4,509120.0
SD,South Dakota,1995,10156,132.2,76800.0
SD,South Dakota,1996,10132,130.8,77440.0
SD,South Dakota,1997,10101,129.4,78080.0
SD,South Dakota,1998,10260,130.3,78720.0
SD,South Dakota,1999,10315,130.0,79360.0
SD,South Dakota,2000,10575,132.2,80000.0
SD,South Dakota,2001,10483,130.0,80640.0
SD,South Dakota,2002,10485,129.0,81280.0
SD,South Dakota,2003,10654,130.1,81920.0
SD,South Dakota,2004,10722,129.9,82560.0
SD,South Dakota,2005,10789,129.7,83200.0
SD,South Dakota,2006,11119,132.6,83840.0
SD,South Dakota,2007,11265,133.3,84480.0
SD,South Dakota,2008,11071,130.1,85120.0
SD,South Dakota,2009,10770,125.6,85760.0
SD,South Dakota,2010,10432,120.7,86400.0
SD,South Dakota,2011,10317,118.5,87040.0
SD,South Dakota,2012,10316,117.7,87680.0
SD,South Dakota,2013,10271,116.3,88320.0
SD,South Dakota,2014,10403,116.9,88960.0
SD,South Dakota,2015,10381,115.9,89600.0
SD,South Dakota,2016,10304,114.2,90240.0
SD,South Dakota,2017,10068,110.8,90880.0
SD,South Dakota,2018,9904,108.2,91520.0
SD,South Dakota,2019,9791,106.2,92160.0
SD,South Dakota,2020,9433,101.6,92800.0
SD,South Dakota,2021,9571,102.4,93440.0
SD,South Dakota,2022,9583,101.9,94080.0
SD,South Dakota,2023,9400,99.2,94720.0
TN,Tennessee,1995,77037,129.4,595200.0
TN,Tennessee,1996,76987,128.3,600160.0
TN,Tennessee,1997,76777,126.9,605120.0
TN,Tennessee,1998,77972,127.8,610080.0
TN,Tennessee,1999,78374,127.4,615040.0
TN,Tennessee,2000,80397,129.7,620000.0
TN,Tennessee,2001,79724,127.6,624960.0
TN,Tennessee,2002,79573,126.3,629920.0
TN,Tennessee,2003,81045,127.7,634880.0
TN,Tennessee,2004,81425,127.3,639840.0
TN,Tennessee,2005,81950,127.1,644800.0
TN,Tennessee,2006,84498,130.0,649760.0
TN,Tennessee,2007,85501,130.6,654720.0
TN,Tennessee,2008,84175,127.6,659680.0
TN,Tennessee,2009,81922,123.3,664640.0
TN,Tennessee,2010,79308,118.4,669600.0
TN,Tennessee,2011,78322,116.1,674560.0
TN,Tennessee,2012,78440,115.4,679520.0
TN,Tennessee,2013,77980,113.9,684480.0
TN,Tennessee,2014,79064,114.7,689440.0
TN,Tennessee,2015,78949,113.7,694400.0
TN,Tennessee,2016,78266,111.9,699360.0
TN,Tennessee,2017,76470,108.6,704320.0
TN,Tennessee,2018,75212,106.0,709280.0
TN,Tennessee,2019,74398,104.2,714240.0
TN,Tennessee,2020,71779,99.8,719200.0
TN,Tennessee,2021,72730,100.4,724160.0
TN,Tennessee,2022,72831,99.9,729120.0
TN,Tennessee,2023,71409,97.3,734080.0
TX,Texas,1995,336223,145.4,2312500.0
TX,Texas,1996,338592,144.1,2350000.0
TX,Texas,1997,340496,142.6,2387500.0
TX,Texas,1998,348612,143.8,2425000.0
TX,Texas,1999,353280,143.5,2462500.0
TX,Texas,2000,364642,145.9,2500000.0
TX,Texas,2001,365177,143.9,2537499.0
TX,Texas,2002,367404,142.7,2575000.0
TX,Texas,2003,376927,144.3,2612500.0
TX,Texas,2004,381668,144.0,2650000.0
TX,Texas,2005,387456,144.2,2687500.0
TX,Texas,2006,402364,147.7,2725000.0
TX,Texas,2007,410480,148.6,2762500.0
TX,Texas,2008,406872,145.3,2800000.0
TX,Texas,2009,398560,140.5,2837500.0
TX,Texas,2010,389079,135.3,2875000.0
TX,Texas,2011,387475,133.0,2912500.0
TX,Texas,2012,390357,132.3,2950000.0
TX,Texas,2013,391011,130.9,2987500.0
TX,Texas,2014,399589,132.1,3025000.0
TX,Texas,2015,401258,131.0,3062500.0
TX,Texas,2016,401106,129.4,3100000.0
TX,Texas,2017,394756,125.8,3137499.0
TX,Texas,2018,391176,123.2,3175000.0
TX,Texas,2019,389413,121.2,3212500.0
TX,Texas,2020,378180,116.4,3250000.0
TX,Texas,2021,386206,117.5,3287500.0
TX,Texas,2022,389290,117.1,3325000.0
TX,Texas,2023,384179,114.3,3362500.0
UT,Utah,1995,44372,168.1,264000.0
UT,Utah,1996,44437,166.9,266200.0
UT,Utah,1997,44426,165.5,268400.0
UT,Utah,1998,45236,167.2,270600.0
UT,Utah,1999,45654,167.4,272800.0
UT,Utah,2000,46931,170.7,275000.0
UT,Utah,2001,46659,168.3,277200.0
UT,Utah,2002,46817,167.6,279400.0
UT,Utah,2003,47738,169.5,281600.0
UT,Utah,2004,48151,169.7,283800.0
UT,Utah,2005,48613,170.0,286000.0
UT,Utah,2006,50265,174.4,288200.0
UT,Utah,2007,51012,175.7,290400.0
UT,Utah,2008,50347,172.1,292600.0
UT,Utah,2009,49119,166.6,294800.0
UT,Utah,2010,47688,160.6,297000.0
UT,Utah,2011,47294,158.1,299200.0
UT,Utah,2012,47441,157.4,301400.0
UT,Utah,2013,47347,156.0,303600.0
UT,Utah,2014,48126,157.4,305800.0
UT,Utah,2015,48185,156.4,308000.0
UT,Utah,2016,47951,154.6,310200.0
UT,Utah,2017,46941,150.3,312400.0
UT,Utah,2018,46302,147.2,314600.0
UT,Utah,2019,45942,145.0,316800.0
UT,Utah,2020,44383,139.1,319000.0
UT,Utah,2021,45199,140.7,321200.0
UT,Utah,2022,45367,140.3,323400.0
UT,Utah,2023,44582,136.9,325600.0
VA,Virginia,1995,93327,123.1,758400.0
VA,Virginia,1996,93034,121.7,764720.0
VA,Virginia,1997,92936,120.5,771040.0
VA,Virginia,1998,94325,121.3,777360.0
VA,Virginia,1999,94718,120.9,783680.0
VA,Virginia,2000,97155,123.0,790000.0
VA,Virginia,2001,96404,121.1,796320.0
VA,Virginia,2002,96246,119.9,802640.0
VA,Virginia,2003,98050,121.2,808960.0
VA,Virginia,2004,98487,120.8,815280.0
VA,Virginia,2005,99161,120.7,821600.0
VA,Virginia,2006,102169,123.4,827920.0
VA,Virginia,2007,103499,124.1,834240.0
VA,Virginia,2008,101843,121.2,840560.0
VA,Virginia,2009,98981,116.9,846880.0
VA,Virginia,2010,95831,112.3,853200.0
VA,Virginia,2011,94781,110.3,859520.0
VA,Virginia,2012,94771,109.5,865840.0
VA,Virginia,2013,94335,108.2,872160.0
VA,Virginia,2014,95673,108.9,878480.0
VA,Virginia,2015,95401,107.8,884800.0
VA,Virginia,2016,94720,106.3,891120.0
VA,Virginia,2017,92535,103.1,897440.0
VA,Virginia,2018,91013,100.7,903760.0
VA,Virginia,2019,89976,98.9,910079.0
VA,Virginia,2020,86873,94.8,916399.0
VA,Virginia,2021,88020,95.4,922720.0
VA,Virginia,2022,88010,94.7,929040.0
VA,Virginia,2023,86398,92.4,935360.0
VT,Vermont,1995,6084,99.0,61440.0
VT,Vermont,1996,6072,98.0,61952.0
VT,Vermont,1997,6059,97.0,62464.0
VT,Vermont,1998,6154,97.7,62976.0
VT,Vermont,1999,6182,97.4,63488.0
VT,Vermont,2000,6339,99.0,64000.0
VT,Vermont,2001,6289,97.5,64512.0
VT,Vermont,2002,6287,96.7,65024.0
VT,Vermont,2003,6392,97.5,65536.0
VT,Vermont,2004,6421,97.2,66048.0
VT,Vermont,2005,6471,97.2,66560.0
VT,Vermont,2006,6665,99.4,67072.0
VT,Vermont,2007,6751,99.9,67584.0
VT,Vermont,2008,6638,97.5,68096.0
VT,Vermont,2009,6463,94.2,68608.0
VT,Vermont,2010,6258,90.5,69120.0
VT,Vermont,2011,6189,88.9,69632.0
VT,Vermont,2012,6180,88.1,70144.0
VT,Vermont,2013,6149,87.0,70656.0
VT,Vermont,2014,6246,87.8,71168.0
VT,Vermont,2015,6229,86.9,71680.0
VT,Vermont,2016,6177,85.6,72192.0
VT,Vermont,2017,6042,83.1,72704.0
VT,Vermont,2018,5938,81.1,73216.0
VT,Vermont,2019,5876,79.7,73728.0
VT,Vermont,2020,5667,76.3,74240.0
VT,Vermont,2021,5745,76.9,74752.0
VT,Vermont,2022,5746,76.3,75264.0
VT,Vermont,2023,5638,74.4,75776.0
WA,Washington,1995,75848,119.7,633600.0
WA,Washington,1996,75987,118.9,638880.0
WA,Washington,1997,76049,118.1,644160.0
WA,Washington,1998,77376,119.1,649440.0
WA,Washington,1999,77983,119.1,654720.0
WA,Washington,2000,80279,121.6,660000.0
WA,Washington,2001,79872,120.1,665280.0
WA,Washington,2002,80004,119.3,670560.0
WA,Washington,2003,81567,120.7,675840.0
WA,Washington,2004,82370,120.9,681120.0
WA,Washington,2005,83074,121.0,686400.0
WA,Washington,2006,85841,124.1,691680.0
WA,Washington,2007,87200,125.1,696960.0
WA,Washington,2008,86071,122.6,702240.0
WA,Washington,2009,84037,118.8,707520.0
WA,Washington,2010,81550,114.4,712800.0
WA,Washington,2011,80867,112.6,718080.0
WA,Washington,2012,81111,112.1,723360.0
WA,Washington,2013,80972,111.1,728640.0
WA,Washington,2014,82368,112.2,733920.0
WA,Washington,2015,82415,111.5,739200.0
WA,Washington,2016,81956,110.1,744480.0
WA,Washington,2017,80342,107.2,749760.0
WA,Washington,2018,79245,105.0,755040.0
WA,Washington,2019,78573,103.3,760320.0
WA,Washington,2020,75985,99.2,765600.0
WA,Washington,2021,77238,100.2,770880.0
WA,Washington,2022,77549,99.9,776160.0
WA,Washington,2023,76240,97.6,781440.0
WI,Wisconsin,1995,66781,119.9,556800.0
WI,Wisconsin,1996,66650,118.7,561440.0
WI,Wisconsin,1997,66462,117.4,566080.0
WI,Wisconsin,1998,67618,118.5,570720.0
WI,Wisconsin,1999,67899,118.0,575360.0
WI,Wisconsin,2000,69526,119.9,580000.0
WI,Wisconsin,2001,69117,118.2,584640.0
WI,Wisconsin,2002,68918,117.0,589280.0
WI,Wisconsin,2003,70162,118.1,593920.0
WI,Wisconsin,2004,70487,117.8,598560.0
WI,Wisconsin,2005,71063,117.8,603200.0
WI,Wisconsin,2006,73181,120.4,607840.0
WI,Wisconsin,2007,74021,120.9,612480.0
WI,Wisconsin,2008,72986,118.3,617120.0
WI,Wisconsin,2009,70939,114.1,621760.0
WI,Wisconsin,2010,68679,109.6,626400.0
WI,Wisconsin,2011,67941,107.7,631040.0
WI,Wisconsin,2012,67879,106.8,635680.0
WI,Wisconsin,2013,67544,105.5,640320.0
WI,Wisconsin,2014,68486,106.2,644960.0
WI,Wisconsin,2015,68283,105.1,649600.0
WI,Wisconsin,2016,67855,103.7,654240.0
WI,Wisconsin,2017,66254,100.6,658880.0
WI,Wisconsin,2018,65098,98.1,663520.0
WI,Wisconsin,2019,64443,96.4,668160.0
WI,Wisconsin,2020,62148,92.4,672800.0
WI,Wisconsin,2021,63066,93.1,677440.0
WI,Wisconsin,2022,63062,92.5,682080.0
WI,Wisconsin,2023,61909,90.2,686720.0
WV,West Virginia,1995,20221,107.5,188100.0
WV,West Virginia,1996,20169,107.0,188480.0
WV,West Virginia,1997,20119,106.5,188860.0
WV,West Virginia,1998,20436,108.0,189240.0
WV,West Virginia,1999,20513,108.2,189620.0
WV,West Virginia,2000,21075,110.9,190000.0
WV,West Virginia,2001,20901,109.8,190380.0
WV,West Virginia,2002,20842,109.3,190760.0
WV,West Virginia,2003,21214,111.0,191140.0
WV,West Virginia,2004,21340,111.4,191520.0
WV,West Virginia,2005,21501,112.0,191900.0
WV,West Virginia,2006,22145,115.2,192280.0
WV,West Virginia,2007,22409,116.3,192660.0
WV,West Virginia,2008,22056,114.3,193040.0
WV,West Virginia,2009,21459,110.9,193420.0
WV,West Virginia,2010,20776,107.2,193800.0
WV,West Virginia,2011,20549,105.8,194180.0
WV,West Virginia,2012,20542,105.6,194560.0
WV,West Virginia,2013,20462,105.0,194940.0
WV,West Virginia,2014,20722,106.1,195320.0
WV,West Virginia,2015,20676,105.7,195700.0
WV,West Virginia,2016,20531,104.7,196080.0
WV,West Virginia,2017,20043,102.0,196460.0
WV,West Virginia,2018,19732,100.2,196840.0
WV,West Virginia,2019,19497,98.9,197220.0
WV,West Virginia,2020,18815,95.2,197600.0
WV,West Virginia,2021,19074,96.3,197980.0
WV,West Virginia,2022,19078,96.2,198360.0
WV,West Virginia,2023,18719,94.2,198740.0
WY,Wyoming,1995,5787,115.9,49920.0
WY,Wyoming,1996,5778,114.8,50336.0
WY,Wyoming,1997,5760,113.5,50752.0
WY,Wyoming,1998,5854,114.4,51168.0
WY,Wyoming,1999,5884,114.1,51584.0
WY,Wyoming,2000,6026,115.9,52000.0
WY,Wyoming,2001,5978,114.0,52416.0
WY,Wyoming,2002,5975,113.1,52832.0
WY,Wyoming,2003,6077,114.1,53248.0
WY,Wyoming,2004,6111,113.9,53664.0
WY,Wyoming,2005,6152,113.8,54080.0
WY,Wyoming,2006,6339,116.3,54496.0
WY,Wyoming,2007,6414,116.8,54912.0
WY,Wyoming,2008,6318,114.2,55328.0
WY,Wyoming,2009,6148,110.3,55744.0
WY,Wyoming,2010,5952,106.0,56160.0
WY,Wyoming,2011,5882,104.0,56576.0
WY,Wyoming,2012,5879,103.2,56992.0
WY,Wyoming,2013,5849,101.9,57408.0
WY,Wyoming,2014,5935,102.6,57824.0
WY,Wyoming,2015,5929,101.8,58240.0
WY,Wyoming,2016,5871,100.1,58656.0
WY,Wyoming,2017,5749,97.3,59072.0
WY,Wyoming,2018,5650,95.0,59488.0
WY,Wyoming,2019,5585,93.2,59903.0
WY,Wyoming,2020,5384,89.3,60319.0
WY,Wyoming,2021,5454,89.8,60735.0
WY,Wyoming,2022,5468,89.4,61152.0
WY,Wyoming,2023,5356,87.0,61568.0
