state,year,unemployment_rate
AL,1995,5.8500000000000005
AL,1996,5.191666666666666
AL,1997,4.95
AL,1998,4.458333333333333
AL,1999,4.733333333333333
AL,2000,4.641666666666667
AL,2001,5.1499999999999995
AL,2002,5.891666666666667
AL,2003,5.95
AL,2004,5.575
AL,2005,4.458333333333333
AL,2006,4.008333333333333
AL,2007,4.066666666666666
AL,2008,5.916666666666667
AL,2009,9.733333333333333
AL,2010,10.375
AL,2011,9.558333333333334
AL,2012,8.174999999999999
AL,2013,7.358333333333333
AL,2014,6.766666666666667
AL,2015,6.083333333333333
AL,2016,5.8
AL,2017,4.508333333333334
AL,2018,3.9250000000000003
AL,2019,3.1916666666666664
AL,2020,6.408333333333334
AL,2021,3.35
AL,2022,2.4916666666666667
AL,2023,2.4666666666666663
AK,1995,7.316666666666666
AK,1996,7.458333333333333
AK,1997,6.983333333333333
AK,1998,6.316666666666666
AK,1999,6.3500000000000005
AK,2000,6.291666666666667
AK,2001,6.283333333333334
AK,2002,7.166666666666667
AK,2003,7.675
AK,2004,7.416666666666667
AK,2005,6.925
AK,2006,6.616666666666667
AK,2007,6.25
AK,2008,6.508333333333333
AK,2009,7.833333333333333
AK,2010,7.991666666666667
AK,2011,7.608333333333333
AK,2012,7.133333333333333
AK,2013,6.925000000000001
AK,2014,6.741666666666667
AK,2015,6.283333333333334
AK,2016,6.625
AK,2017,6.608333333333333
AK,2018,6.091666666666666
AK,2019,5.6000000000000005
AK,2020,8.283333333333333
AK,2021,6.3999999999999995
AK,2022,4.258333333333334
AK,2023,4.241666666666666
AZ,1995,5.341666666666666
AZ,1996,5.483333333333333
AZ,1997,4.616666666666666
AZ,1998,4.25
AZ,1999,4.466666666666667
AZ,2000,3.983333333333333
AZ,2001,4.7250000000000005
AZ,2002,6.158333333333334
AZ,2003,5.783333333333334
AZ,2004,4.958333333333333
AZ,2005,4.641666666666667
AZ,2006,4.266666666666667
AZ,2007,3.6999999999999997
AZ,2008,5.766666666666667
AZ,2009,9.716666666666667
AZ,2010,10.358333333333333
AZ,2011,9.5
AZ,2012,8.391666666666667
AZ,2013,7.841666666666666
AZ,2014,6.816666666666666
AZ,2015,6.108333333333333
AZ,2016,5.5
AZ,2017,4.958333333333333
AZ,2018,4.808333333333334
AZ,2019,4.816666666666666
AZ,2020,7.825
AZ,2021,5.041666666666667
AZ,2022,3.716666666666667
AZ,2023,3.6666666666666665
AR,1995,4.866666666666666
AR,1996,5.166666666666667
AR,1997,5.108333333333333
AR,1998,5.041666666666667
AR,1999,4.516666666666667
AR,2000,4.166666666666667
AR,2001,4.741666666666666
AR,2002,5.333333333333333
AR,2003,5.758333333333333
AR,2004,5.566666666666666
AR,2005,5.266666666666667
AR,2006,5.233333333333333
AR,2007,5.383333333333333
AR,2008,5.416666666666667
AR,2009,7.708333333333333
AR,2010,7.833333333333333
AR,2011,7.883333333333333
AR,2012,7.258333333333333
AR,2013,7.041666666666667
AR,2014,5.875
AR,2015,4.95
AR,2016,3.975
AR,2017,3.7416666666666667
AR,2018,3.65
AR,2019,3.4916666666666667
AR,2020,6.158333333333334
AR,2021,4.033333333333333
AR,2022,3.1750000000000003
AR,2023,3.141666666666667
CA,1995,7.8999999999999995
CA,1996,7.341666666666666
CA,1997,6.3999999999999995
CA,1998,5.966666666666666
CA,1999,5.283333333333333
CA,2000,4.925
CA,2001,5.458333333333333
CA,2002,6.733333333333333
CA,2003,6.8999999999999995
CA,2004,6.2250000000000005
CA,2005,5.391666666666667
CA,2006,4.891666666666667
CA,2007,5.316666666666666
CA,2008,7.283333333333334
CA,2009,11.450000000000001
CA,2010,12.316666666666668
CA,2011,11.733333333333334
CA,2012,10.391666666666667
CA,2013,9.025
CA,2014,7.566666666666666
CA,2015,6.216666666666666
CA,2016,5.516666666666667
CA,2017,4.833333333333333
CA,2018,4.258333333333334
CA,2019,4.091666666666667
CA,2020,10.166666666666666
CA,2021,7.3500000000000005
CA,2022,4.291666666666667
CA,2023,4.7250000000000005
CO,1995,4.008333333333334
CO,1996,4.166666666666667
CO,1997,3.358333333333333
CO,1998,3.6333333333333333
CO,1999,3.0083333333333333
CO,2000,2.725
CO,2001,3.8166666666666664
CO,2002,5.716666666666666
CO,2003,6.116666666666667
CO,2004,5.566666666666666
CO,2005,5.083333333333333
CO,2006,4.25
CO,2007,3.6833333333333336
CO,2008,4.841666666666667
CO,2009,7.949999999999999
CO,2010,9.141666666666667
CO,2011,8.691666666666666
CO,2012,7.991666666666667
CO,2013,6.7250000000000005
CO,2014,4.95
CO,2015,3.6999999999999997
CO,2016,3.1166666666666667
CO,2017,2.6166666666666667
CO,2018,3.025
CO,2019,2.6666666666666665
CO,2020,6.791666666666667
CO,2021,5.508333333333333
CO,2022,3.1
CO,2023,3.3000000000000003
CT,1995,5.3
CT,1996,5.2250000000000005
CT,1997,4.683333333333334
CT,1998,3.225
CT,1999,2.5
CT,2000,2.1583333333333337
CT,2001,2.9333333333333336
CT,2002,4.3500000000000005
CT,2003,5.458333333333333
CT,2004,5.05
CT,2005,4.858333333333333
CT,2006,4.425
CT,2007,4.533333333333333
CT,2008,5.641666666666667
CT,2009,8.258333333333333
CT,2010,9.491666666666667
CT,2011,9.008333333333333
CT,2012,8.383333333333335
CT,2013,7.95
CT,2014,6.616666666666667
CT,2015,5.608333333333333
CT,2016,4.875
CT,2017,4.408333333333333
CT,2018,3.9
CT,2019,3.5833333333333335
CT,2020,8.008333333333333
CT,2021,6.458333333333333
CT,2022,4.033333333333333
CT,2023,3.1999999999999997
DE,1995,4.391666666666667
DE,1996,5.216666666666667
DE,1997,4.058333333333334
DE,1998,3.483333333333333
DE,1999,3.2416666666666667
DE,2000,3.4583333333333335
DE,2001,3.483333333333333
DE,2002,4.083333333333333
DE,2003,4.25
DE,2004,4.008333333333333
DE,2005,4.125
DE,2006,3.5833333333333335
DE,2007,3.4
DE,2008,4.866666666666666
DE,2009,8.158333333333333
DE,2010,8.299999999999999
DE,2011,7.433333333333334
DE,2012,6.958333333333333
DE,2013,6.533333333333334
DE,2014,5.616666666666667
DE,2015,4.808333333333334
DE,2016,4.533333333333333
DE,2017,4.3999999999999995
DE,2018,3.6916666666666664
DE,2019,3.5500000000000003
DE,2020,7.5249999999999995
DE,2021,5.441666666666666
DE,2022,4.175
DE,2023,3.8333333333333335
DC,1995,8.566666666666666
DC,1996,8.458333333333334
DC,1997,8.158333333333333
DC,1998,8.241666666666667
DC,1999,6.55
DC,2000,5.666666666666667
DC,2001,6.308333333333334
DC,2002,6.608333333333333
DC,2003,6.833333333333333
DC,2004,7.5
DC,2005,6.466666666666666
DC,2006,5.833333333333333
DC,2007,5.541666666666667
DC,2008,6.508333333333333
DC,2009,9.541666666666666
DC,2010,9.775
DC,2011,10.083333333333334
DC,2012,8.958333333333334
DC,2013,8.416666666666666
DC,2014,7.716666666666666
DC,2015,6.883333333333333
DC,2016,6.233333333333333
DC,2017,6.108333333333333
DC,2018,5.716666666666666
DC,2019,5.516666666666667
DC,2020,7.966666666666666
DC,2021,6.833333333333333
DC,2022,4.7
DC,2023,4.8500000000000005
FL,1995,5.6000000000000005
FL,1996,5.291666666666667
FL,1997,4.941666666666666
FL,1998,4.433333333333334
FL,1999,3.9416666666666664
FL,2000,3.733333333333333
FL,2001,4.666666666666667
FL,2002,5.641666666666667
FL,2003,5.291666666666667
FL,2004,4.608333333333333
FL,2005,3.7416666666666667
FL,2006,3.283333333333333
FL,2007,4.008333333333334
FL,2008,6.3
FL,2009,10.216666666666667
FL,2010,11.25
FL,2011,10.183333333333334
FL,2012,8.674999999999999
FL,2013,7.516666666666667
FL,2014,6.441666666666666
FL,2015,5.5
FL,2016,4.908333333333334
FL,2017,4.283333333333333
FL,2018,3.641666666666667
FL,2019,3.2416666666666667
FL,2020,8.066666666666666
FL,2021,4.716666666666667
FL,2022,3.016666666666667
FL,2023,2.9499999999999997
GA,1995,4.75
GA,1996,4.625
GA,1997,4.466666666666667
GA,1998,4.175
GA,1999,3.8333333333333335
GA,2000,3.533333333333333
GA,2001,3.983333333333333
GA,2002,4.983333333333333
GA,2003,4.825
GA,2004,4.766666666666667
GA,2005,5.283333333333333
GA,2006,4.658333333333333
GA,2007,4.575
GA,2008,6.408333333333334
GA,2009,9.908333333333333
GA,2010,10.383333333333333
GA,2011,10.033333333333333
GA,2012,9.041666666666666
GA,2013,8.133333333333333
GA,2014,7.1499999999999995
GA,2015,6.05
GA,2016,5.45
GA,2017,4.758333333333334
GA,2018,4.016666666666667
GA,2019,3.6
GA,2020,6.55
GA,2021,3.9416666666666664
GA,2022,3.1666666666666665
GA,2023,3.283333333333333
HI,1995,5.5
HI,1996,5.891666666666667
HI,1997,5.941666666666666
HI,1998,5.791666666666667
HI,1999,5.166666666666667
HI,2000,4.233333333333333
HI,2001,4.2749999999999995
HI,2002,4.041666666666667
HI,2003,3.908333333333333
HI,2004,3.3083333333333336
HI,2005,2.841666666666667
HI,2006,2.566666666666667
HI,2007,2.7416666666666667
HI,2008,4.091666666666667
HI,2009,6.5
HI,2010,6.7
HI,2011,6.708333333333333
HI,2012,5.808333333333334
HI,2013,4.716666666666667
HI,2014,4.2250000000000005
HI,2015,3.4166666666666665
HI,2016,2.908333333333333
HI,2017,2.2333333333333334
HI,2018,2.4
HI,2019,2.5083333333333333
HI,2020,11.741666666666667
HI,2021,5.966666666666666
HI,2022,3.2583333333333333
HI,2023,2.9250000000000003
ID,1995,5.4750000000000005
ID,1996,5.3999999999999995
ID,1997,5.25
ID,1998,5.2250000000000005
ID,1999,4.983333333333333
ID,2000,4.625
ID,2001,5.075
ID,2002,5.641666666666667
ID,2003,5.591666666666666
ID,2004,4.8999999999999995
ID,2005,4.0249999999999995
ID,2006,3.391666666666667
ID,2007,2.9499999999999997
ID,2008,5.016666666666667
ID,2009,9.025
ID,2010,9.125
ID,2011,8.441666666666666
ID,2012,7.5249999999999995
ID,2013,6.8999999999999995
ID,2014,4.408333333333333
ID,2015,3.908333333333333
ID,2016,3.7083333333333335
ID,2017,3.1833333333333336
ID,2018,2.875
ID,2019,2.8833333333333333
ID,2020,5.55
ID,2021,3.5749999999999997
ID,2022,2.875
ID,2023,3.1999999999999997
IL,1995,5.2
IL,1996,5.291666666666667
IL,1997,4.783333333333333
IL,1998,4.466666666666667
IL,1999,4.425
IL,2000,4.458333333333333
IL,2001,5.433333333333334
IL,2002,6.55
IL,2003,6.75
IL,2004,6.191666666666666
IL,2005,5.733333333333333
IL,2006,4.625
IL,2007,5.058333333333334
IL,2008,6.508333333333333
IL,2009,9.966666666666667
IL,2010,10.391666666666667
IL,2011,9.766666666666667
IL,2012,9.033333333333333
IL,2013,9.075000000000001
IL,2014,7.158333333333334
IL,2015,5.991666666666667
IL,2016,5.883333333333333
IL,2017,4.958333333333333
IL,2018,4.391666666666667
IL,2019,3.975
IL,2020,9.333333333333334
IL,2021,6.1000000000000005
IL,2022,4.583333333333333
IL,2023,4.483333333333333
IN,1995,4.4
IN,1996,3.9416666666666664
IN,1997,3.375
IN,1998,2.983333333333333
IN,1999,2.9250000000000003
IN,2000,3.025
IN,2001,4.175
IN,2002,5.116666666666666
IN,2003,5.208333333333333
IN,2004,5.416666666666667
IN,2005,5.3999999999999995
IN,2006,5.016666666666667
IN,2007,4.641666666666667
IN,2008,5.933333333333334
IN,2009,10.158333333333333
IN,2010,9.975
IN,2011,8.908333333333333
IN,2012,8.216666666666667
IN,2013,7.508333333333333
IN,2014,5.95
IN,2015,4.8
IN,2016,4.391666666666667
IN,2017,3.525
IN,2018,3.4333333333333336
IN,2019,3.3166666666666664
IN,2020,7.383333333333333
IN,2021,3.891666666666667
IN,2022,3.0666666666666664
IN,2023,3.4499999999999997
IA,1995,3.5083333333333333
IA,1996,3.5833333333333335
IA,1997,3.141666666666667
IA,1998,2.8499999999999996
IA,1999,2.6833333333333336
IA,2000,2.6750000000000003
IA,2001,3.3333333333333335
IA,2002,4.0
IA,2003,4.458333333333333
IA,2004,4.508333333333334
IA,2005,4.283333333333333
IA,2006,3.691666666666667
IA,2007,3.716666666666667
IA,2008,4.158333333333333
IA,2009,6.466666666666666
IA,2010,6.091666666666666
IA,2011,5.583333333333333
IA,2012,5.008333333333334
IA,2013,4.7250000000000005
IA,2014,4.258333333333334
IA,2015,3.716666666666667
IA,2016,3.6
IA,2017,3.091666666666667
IA,2018,2.5833333333333335
IA,2019,2.6583333333333337
IA,2020,5.216666666666667
IA,2021,3.85
IA,2022,2.8249999999999997
IA,2023,2.9333333333333336
KS,1995,4.333333333333333
KS,1996,4.25
KS,1997,3.7916666666666665
KS,1998,3.6916666666666664
KS,1999,3.466666666666667
KS,2000,3.7416666666666667
KS,2001,4.3
KS,2002,5.091666666666666
KS,2003,5.583333333333333
KS,2004,5.491666666666667
KS,2005,5.083333333333333
KS,2006,4.416666666666667
KS,2007,4.258333333333334
KS,2008,4.583333333333333
KS,2009,7.041666666666667
KS,2010,6.941666666666666
KS,2011,6.3500000000000005
KS,2012,5.683333333333334
KS,2013,5.316666666666666
KS,2014,4.5249999999999995
KS,2015,4.175
KS,2016,4.05
KS,2017,3.641666666666667
KS,2018,3.3083333333333336
KS,2019,3.15
KS,2020,5.825
KS,2021,3.391666666666667
KS,2022,2.725
KS,2023,2.875
KY,1995,5.391666666666667
KY,1996,5.383333333333333
KY,1997,5.216666666666667
KY,1998,4.516666666666667
KY,1999,4.508333333333333
KY,2000,4.1499999999999995
KY,2001,5.158333333333333
KY,2002,5.783333333333334
KY,2003,6.183333333333334
KY,2004,5.516666666666667
KY,2005,5.841666666666666
KY,2006,5.733333333333333
KY,2007,5.366666666666667
KY,2008,6.541666666666667
KY,2009,10.625
KY,2010,10.283333333333333
KY,2011,9.375
KY,2012,8.191666666666666
KY,2013,7.916666666666667
KY,2014,6.441666666666666
KY,2015,5.25
KY,2016,5.075
KY,2017,4.75
KY,2018,4.2
KY,2019,4.083333333333333
KY,2020,6.449999999999999
KY,2021,4.475
KY,2022,4.05
KY,2023,4.291666666666667
LA,1995,6.8500000000000005
LA,1996,6.425
LA,1997,5.8500000000000005
LA,1998,5.516666666666667
LA,1999,4.95
LA,2000,5.125
LA,2001,5.591666666666666
LA,2002,5.966666666666666
LA,2003,6.233333333333333
LA,2004,5.683333333333334
LA,2005,7.05
LA,2006,4.141666666666667
LA,2007,4.083333333333333
LA,2008,4.666666666666667
LA,2009,6.708333333333333
LA,2010,7.433333333333334
LA,2011,7.341666666666666
LA,2012,6.716666666666666
LA,2013,6.375
LA,2014,6.241666666666667
LA,2015,6.266666666666667
LA,2016,6.041666666666667
LA,2017,5.125
LA,2018,4.825
LA,2019,4.633333333333334
LA,2020,8.683333333333334
LA,2021,5.608333333333333
LA,2022,3.6666666666666665
LA,2023,3.725
ME,1995,5.866666666666667
ME,1996,5.316666666666666
ME,1997,5.175
ME,1998,4.458333333333333
ME,1999,3.9583333333333335
ME,2000,3.3083333333333336
ME,2001,3.75
ME,2002,4.433333333333334
ME,2003,5.1000000000000005
ME,2004,4.666666666666667
ME,2005,4.883333333333334
ME,2006,4.708333333333333
ME,2007,4.7
ME,2008,5.408333333333334
ME,2009,8.299999999999999
ME,2010,8.35
ME,2011,7.7749999999999995
ME,2012,7.208333333333333
ME,2013,6.683333333333334
ME,2014,5.575
ME,2015,4.391666666666667
ME,2016,3.7916666666666665
ME,2017,3.375
ME,2018,3.1750000000000003
ME,2019,2.9
ME,2020,5.116666666666667
ME,2021,4.733333333333333
ME,2022,2.841666666666667
ME,2023,2.6083333333333334
MD,1995,4.9750000000000005
MD,1996,4.941666666666667
MD,1997,4.8500000000000005
MD,1998,4.233333333333333
MD,1999,3.4250000000000003
MD,2000,3.5749999999999997
MD,2001,4.141666666666667
MD,2002,4.483333333333333
MD,2003,4.4750000000000005
MD,2004,4.308333333333333
MD,2005,4.166666666666667
MD,2006,3.85
MD,2007,3.4416666666666664
MD,2008,4.316666666666666
MD,2009,7.133333333333333
MD,2010,7.766666666666667
MD,2011,7.283333333333334
MD,2012,6.866666666666667
MD,2013,6.566666666666666
MD,2014,5.733333333333333
MD,2015,5.033333333333333
MD,2016,4.25
MD,2017,4.066666666666666
MD,2018,3.8083333333333336
MD,2019,3.3833333333333333
MD,2020,6.516666666666667
MD,2021,5.2
MD,2022,2.966666666666667
MD,2023,2.191666666666667
MA,1995,5.458333333333333
MA,1996,4.616666666666667
MA,1997,4.066666666666666
MA,1998,3.375
MA,1999,3.283333333333333
MA,2000,2.8083333333333336
MA,2001,3.7916666666666665
MA,2002,5.241666666666666
MA,2003,5.741666666666667
MA,2004,5.133333333333334
MA,2005,4.791666666666667
MA,2006,4.691666666666667
MA,2007,4.516666666666667
MA,2008,5.316666666666666
MA,2009,8.15
MA,2010,8.1
MA,2011,7.233333333333333
MA,2012,6.7
MA,2013,6.658333333333334
MA,2014,5.758333333333333
MA,2015,4.8
MA,2016,4.016666666666667
MA,2017,3.8333333333333335
MA,2018,3.4583333333333335
MA,2019,3.0500000000000003
MA,2020,9.341666666666667
MA,2021,5.291666666666667
MA,2022,3.625
MA,2023,3.4916666666666667
MI,1995,5.325
MI,1996,4.908333333333333
MI,1997,4.3
MI,1998,3.983333333333333
MI,1999,3.7416666666666667
MI,2000,3.6916666666666664
MI,2001,5.1499999999999995
MI,2002,6.191666666666666
MI,2003,7.108333333333333
MI,2004,6.941666666666666
MI,2005,6.758333333333333
MI,2006,6.866666666666667
MI,2007,7.066666666666666
MI,2008,8.233333333333333
MI,2009,13.483333333333334
MI,2010,12.741666666666667
MI,2011,10.141666666666667
MI,2012,9.066666666666666
MI,2013,8.733333333333333
MI,2014,7.2250000000000005
MI,2015,5.416666666666667
MI,2016,4.991666666666666
MI,2017,4.583333333333333
MI,2018,4.166666666666667
MI,2019,4.075
MI,2020,10.075000000000001
MI,2021,5.7250000000000005
MI,2022,4.133333333333334
MI,2023,3.9
MN,1995,3.658333333333333
MN,1996,3.85
MN,1997,3.225
MN,1998,2.6750000000000003
MN,1999,2.775
MN,2000,3.108333333333333
MN,2001,3.7583333333333333
MN,2002,4.416666666666667
MN,2003,4.758333333333334
MN,2004,4.625
MN,2005,4.108333333333333
MN,2006,4.058333333333333
MN,2007,4.6000000000000005
MN,2008,5.45
MN,2009,7.7
MN,2010,7.366666666666667
MN,2011,6.575
MN,2012,5.658333333333334
MN,2013,5.041666666666667
MN,2014,4.241666666666666
MN,2015,3.7583333333333333
MN,2016,3.8666666666666667
MN,2017,3.4416666666666664
MN,2018,3.025
MN,2019,3.275
MN,2020,6.291666666666667
MN,2021,3.6833333333333336
MN,2022,2.4833333333333334
MN,2023,2.8249999999999997
MS,1995,6.183333333333334
MS,1996,5.991666666666667
MS,1997,5.716666666666666
MS,1998,5.2250000000000005
MS,1999,5.091666666666667
MS,2000,5.325
MS,2001,5.45
MS,2002,6.3999999999999995
MS,2003,6.141666666666667
MS,2004,6.166666666666667
MS,2005,7.6499999999999995
MS,2006,6.383333333333333
MS,2007,6.133333333333333
MS,2008,6.716666666666666
MS,2009,9.241666666666667
MS,2010,10.125
MS,2011,9.8
MS,2012,8.825000000000001
MS,2013,8.491666666666665
MS,2014,7.6000000000000005
MS,2015,6.45
MS,2016,5.991666666666667
MS,2017,5.208333333333333
MS,2018,4.941666666666667
MS,2019,5.491666666666667
MS,2020,8.0
MS,2021,5.408333333333334
MS,2022,3.733333333333333
MS,2023,3.108333333333333
MO,1995,4.825
MO,1996,4.733333333333333
MO,1997,4.375
MO,1998,4.058333333333334
MO,1999,3.2416666666666667
MO,2000,3.391666666666667
MO,2001,4.5249999999999995
MO,2002,5.325
MO,2003,5.691666666666666
MO,2004,5.841666666666666
MO,2005,5.416666666666667
MO,2006,4.891666666666667
MO,2007,5.083333333333333
MO,2008,6.158333333333334
MO,2009,9.091666666666667
MO,2010,9.416666666666666
MO,2011,8.575000000000001
MO,2012,7.141666666666667
MO,2013,6.758333333333333
MO,2014,6.166666666666667
MO,2015,5.1000000000000005
MO,2016,4.575
MO,2017,3.7916666666666665
MO,2018,3.233333333333333
MO,2019,3.233333333333333
MO,2020,6.216666666666666
MO,2021,4.141666666666667
MO,2022,2.6
MO,2023,3.1
MT,1995,5.708333333333333
MT,1996,5.533333333333334
MT,1997,5.4750000000000005
MT,1998,5.591666666666666
MT,1999,5.3
MT,2000,4.833333333333333
MT,2001,4.616666666666666
MT,2002,4.566666666666666
MT,2003,4.733333333333333
MT,2004,4.541666666666667
MT,2005,4.083333333333333
MT,2006,3.3666666666666667
MT,2007,3.391666666666667
MT,2008,4.7250000000000005
MT,2009,7.1000000000000005
MT,2010,7.1499999999999995
MT,2011,6.625
MT,2012,5.783333333333334
MT,2013,5.3
MT,2014,4.641666666666667
MT,2015,4.241666666666666
MT,2016,4.266666666666667
MT,2017,4.1
MT,2018,3.725
MT,2019,3.5
MT,2020,5.825
MT,2021,3.391666666666667
MT,2022,2.6333333333333333
MT,2023,2.6666666666666665
NE,1995,2.6333333333333333
NE,1996,2.6999999999999997
NE,1997,2.408333333333333
NE,1998,2.5166666666666666
NE,1999,2.766666666666667
NE,2000,2.8333333333333335
NE,2001,3.158333333333333
NE,2002,3.658333333333333
NE,2003,3.9166666666666665
NE,2004,3.8499999999999996
NE,2005,3.775
NE,2006,3.0416666666666665
NE,2007,2.9583333333333335
NE,2008,3.2583333333333333
NE,2009,4.633333333333334
NE,2010,4.641666666666667
NE,2011,4.366666666666666
NE,2012,3.9166666666666665
NE,2013,3.716666666666667
NE,2014,3.233333333333333
NE,2015,2.975
NE,2016,3.108333333333334
NE,2017,2.9583333333333335
NE,2018,2.908333333333333
NE,2019,3.1166666666666667
NE,2020,4.266666666666667
NE,2021,2.6
NE,2022,2.15
NE,2023,2.308333333333333
NV,1995,5.566666666666666
NV,1996,5.083333333333333
NV,1997,4.433333333333334
NV,1998,4.166666666666667
NV,1999,4.05
NV,2000,4.141666666666667
NV,2001,5.108333333333333
NV,2002,5.625
NV,2003,5.2
NV,2004,4.45
NV,2005,4.208333333333333
NV,2006,4.166666666666667
NV,2007,4.766666666666667
NV,2008,6.8999999999999995
NV,2009,11.075000000000001
NV,2010,13.25
NV,2011,12.983333333333334
NV,2012,11.533333333333333
NV,2013,9.966666666666667
NV,2014,8.200000000000001
NV,2015,6.866666666666667
NV,2016,5.833333333333333
NV,2017,5.008333333333334
NV,2018,4.408333333333333
NV,2019,4.108333333333333
NV,2020,13.674999999999999
NV,2021,6.825
NV,2022,5.2
NV,2023,5.141666666666667
NH,1995,3.8166666666666664
NH,1996,3.7416666666666667
NH,1997,3.358333333333333
NH,1998,2.8333333333333335
NH,1999,2.725
NH,2000,2.6666666666666665
NH,2001,3.408333333333333
NH,2002,4.466666666666666
NH,2003,4.433333333333334
NH,2004,3.8249999999999997
NH,2005,3.6333333333333333
NH,2006,3.516666666666667
NH,2007,3.533333333333333
NH,2008,3.766666666666666
NH,2009,6.05
NH,2010,6.058333333333334
NH,2011,5.491666666666667
NH,2012,5.4750000000000005
NH,2013,5.25
NH,2014,4.316666666666666
NH,2015,3.391666666666667
NH,2016,2.891666666666666
NH,2017,2.808333333333333
NH,2018,2.6333333333333333
NH,2019,2.5500000000000003
NH,2020,6.75
NH,2021,3.475
NH,2022,2.4166666666666665
NH,2023,2.2583333333333333
NJ,1995,6.408333333333334
NJ,1996,6.108333333333333
NJ,1997,5.325
NJ,1998,4.566666666666666
NJ,1999,4.441666666666666
NJ,2000,3.65
NJ,2001,4.2250000000000005
NJ,2002,5.7749999999999995
NJ,2003,5.8500000000000005
NJ,2004,4.916666666666667
NJ,2005,4.441666666666666
NJ,2006,4.691666666666667
NJ,2007,4.208333333333333
NJ,2008,5.425
NJ,2009,8.833333333333334
NJ,2010,9.666666666666666
NJ,2011,9.4
NJ,2012,9.450000000000001
NJ,2013,8.416666666666666
NJ,2014,6.683333333333334
NJ,2015,5.691666666666666
NJ,2016,4.933333333333334
NJ,2017,4.516666666666667
NJ,2018,4.016666666666667
NJ,2019,3.4583333333333335
NJ,2020,9.483333333333333
NJ,2021,6.691666666666666
NJ,2022,3.85
NJ,2023,4.2749999999999995
NM,1995,6.633333333333333
NM,1996,7.5249999999999995
NM,1997,6.425
NM,1998,6.233333333333333
NM,1999,5.583333333333333
NM,2000,5.016666666666667
NM,2001,4.966666666666667
NM,2002,5.4750000000000005
NM,2003,5.925
NM,2004,5.583333333333333
NM,2005,5.2250000000000005
NM,2006,4.233333333333333
NM,2007,3.5416666666666665
NM,2008,4.375
NM,2009,7.05
NM,2010,7.816666666666666
NM,2011,7.216666666666666
NM,2012,6.95
NM,2013,6.8999999999999995
NM,2014,6.558333333333334
NM,2015,6.608333333333333
NM,2016,6.783333333333334
NM,2017,6.116666666666667
NM,2018,4.933333333333334
NM,2019,4.966666666666667
NM,2020,7.925
NM,2021,7.066666666666666
NM,2022,4.066666666666667
NM,2023,3.6666666666666665
NY,1995,6.325
NY,1996,6.241666666666667
NY,1997,6.416666666666667
NY,1998,5.583333333333333
NY,1999,5.183333333333334
NY,2000,4.5
NY,2001,4.866666666666666
NY,2002,6.2
NY,2003,6.416666666666667
NY,2004,5.808333333333334
NY,2005,4.95
NY,2006,4.5
NY,2007,4.425
NY,2008,5.391666666666667
NY,2009,8.383333333333333
NY,2010,8.733333333333333
NY,2011,8.358333333333333
NY,2012,8.65
NY,2013,7.816666666666666
NY,2014,6.291666666666667
NY,2015,5.216666666666667
NY,2016,4.875
NY,2017,4.641666666666667
NY,2018,4.1000000000000005
NY,2019,3.891666666666667
NY,2020,9.908333333333333
NY,2021,7.083333333333333
NY,2022,4.291666666666667
NY,2023,4.041666666666667
NC,1995,4.366666666666666
NC,1996,4.341666666666667
NC,1997,3.8249999999999997
NC,1998,3.525
NC,1999,3.3000000000000003
NC,2000,3.75
NC,2001,5.4750000000000005
NC,2002,6.5249999999999995
NC,2003,6.258333333333333
NC,2004,5.466666666666666
NC,2005,5.216666666666667
NC,2006,4.733333333333333
NC,2007,4.716666666666667
NC,2008,5.933333333333334
NC,2009,10.791666666666666
NC,2010,10.799999999999999
NC,2011,10.35
NC,2012,9.6
NC,2013,7.7749999999999995
NC,2014,6.116666666666667
NC,2015,5.658333333333334
NC,2016,5.1
NC,2017,4.55
NC,2018,4.008333333333334
NC,2019,3.875
NC,2020,7.325
NC,2021,4.891666666666667
NC,2022,3.6750000000000003
NC,2023,3.4916666666666667
ND,1995,3.3249999999999997
ND,1996,3.141666666666667
ND,1997,2.9416666666666664
ND,1998,2.966666666666667
ND,1999,3.1500000000000004
ND,2000,2.908333333333333
ND,2001,2.8166666666666664
ND,2002,3.375
ND,2003,3.4499999999999997
ND,2004,3.358333333333333
ND,2005,3.3249999999999997
ND,2006,3.1166666666666667
ND,2007,3.0416666666666665
ND,2008,3.0749999999999997
ND,2009,3.875
ND,2010,3.658333333333333
ND,2011,3.341666666666667
ND,2012,2.9416666666666664
ND,2013,2.891666666666666
ND,2014,2.6666666666666665
ND,2015,2.775
ND,2016,3.016666666666667
ND,2017,2.6
ND,2018,2.3916666666666666
ND,2019,2.15
ND,2020,5.008333333333334
ND,2021,3.091666666666667
ND,2022,2.091666666666667
ND,2023,2.033333333333333
OH,1995,4.858333333333333
OH,1996,5.0
OH,1997,4.616666666666666
OH,1998,4.333333333333333
OH,1999,4.325
OH,2000,4.066666666666666
OH,2001,4.433333333333334
OH,2002,5.816666666666666
OH,2003,6.25
OH,2004,6.2250000000000005
OH,2005,5.8999999999999995
OH,2006,5.433333333333334
OH,2007,5.6000000000000005
OH,2008,6.6000000000000005
OH,2009,10.216666666666667
OH,2010,9.991666666666667
OH,2011,8.758333333333333
OH,2012,7.391666666666667
OH,2013,7.383333333333333
OH,2014,5.816666666666666
OH,2015,4.958333333333333
OH,2016,5.058333333333334
OH,2017,4.933333333333334
OH,2018,4.4750000000000005
OH,2019,4.125
OH,2020,8.258333333333333
OH,2021,5.241666666666666
OH,2022,3.9749999999999996
OH,2023,3.6333333333333333
OK,1995,4.4750000000000005
OK,1996,4.008333333333334
OK,1997,3.9583333333333335
OK,1998,4.075
OK,1999,3.475
OK,2000,2.9916666666666667
OK,2001,3.625
OK,2002,4.616666666666666
OK,2003,5.383333333333333
OK,2004,4.708333333333333
OK,2005,4.325
OK,2006,3.908333333333333
OK,2007,3.9583333333333335
OK,2008,3.608333333333333
OK,2009,6.516666666666667
OK,2010,6.441666666666666
OK,2011,5.566666666666666
OK,2012,5.075
OK,2013,5.116666666666666
OK,2014,4.341666666666667
OK,2015,4.283333333333333
OK,2016,4.6499999999999995
OK,2017,4.033333333333333
OK,2018,3.2916666666666665
OK,2019,3.1166666666666667
OK,2020,6.3
OK,2021,4.0249999999999995
OK,2022,3.025
OK,2023,3.1999999999999997
OR,1995,4.766666666666667
OR,1996,5.558333333333334
OR,1997,5.55
OR,1998,5.641666666666667
OR,1999,5.483333333333333
OR,2000,5.183333333333334
OR,2001,6.358333333333333
OR,2002,7.45
OR,2003,8.016666666666667
OR,2004,7.316666666666666
OR,2005,6.166666666666667
OR,2006,5.391666666666667
OR,2007,5.158333333333333
OR,2008,6.308333333333334
OR,2009,10.633333333333333
OR,2010,10.558333333333332
OR,2011,9.458333333333334
OR,2012,8.708333333333334
OR,2013,7.75
OR,2014,6.641666666666667
OR,2015,5.458333333333333
OR,2016,4.75
OR,2017,4.066666666666666
OR,2018,4.033333333333333
OR,2019,3.725
OR,2020,7.574999999999999
OR,2021,5.1499999999999995
OR,2022,3.9250000000000003
OR,2023,3.7583333333333333
PA,1995,5.916666666666667
PA,1996,5.5
PA,1997,5.125
PA,1998,4.7
PA,1999,4.491666666666666
PA,2000,4.225
PA,2001,4.825
PA,2002,5.541666666666667
PA,2003,5.7
PA,2004,5.341666666666668
PA,2005,4.991666666666666
PA,2006,4.7250000000000005
PA,2007,4.591666666666667
PA,2008,5.383333333333333
PA,2009,8.016666666666666
PA,2010,8.116666666666667
PA,2011,7.7
PA,2012,7.583333333333333
PA,2013,7.05
PA,2014,5.966666666666666
PA,2015,5.416666666666667
PA,2016,5.333333333333333
PA,2017,4.9750000000000005
PA,2018,4.408333333333333
PA,2019,4.266666666666667
PA,2020,8.833333333333334
PA,2021,5.8999999999999995
PA,2022,4.125
PA,2023,3.658333333333333
RI,1995,6.3
RI,1996,5.183333333333334
RI,1997,5.3500000000000005
RI,1998,4.583333333333333
RI,1999,4.183333333333334
RI,2000,4.05
RI,2001,4.491666666666666
RI,2002,5.05
RI,2003,5.5249999999999995
RI,2004,5.283333333333333
RI,2005,5.141666666666667
RI,2006,5.258333333333334
RI,2007,5.116666666666666
RI,2008,7.625
RI,2009,11.166666666666666
RI,2010,11.616666666666667
RI,2011,11.1
RI,2012,10.299999999999999
RI,2013,9.483333333333333
RI,2014,7.766666666666667
RI,2015,6.016666666666667
RI,2016,5.241666666666666
RI,2017,4.4750000000000005
RI,2018,4.05
RI,2019,3.525
RI,2020,9.258333333333333
RI,2021,5.6000000000000005
RI,2022,3.233333333333333
RI,2023,2.983333333333333
SC,1995,5.108333333333333
SC,1996,5.683333333333334
SC,1997,4.491666666666666
SC,1998,3.6333333333333333
SC,1999,4.158333333333333
SC,2000,3.6999999999999997
SC,2001,5.166666666666667
SC,2002,6.075
SC,2003,6.75
SC,2004,6.925
SC,2005,6.783333333333334
SC,2006,6.3500000000000005
SC,2007,5.616666666666667
SC,2008,6.916666666666667
SC,2009,10.966666666666667
SC,2010,11.083333333333334
SC,2011,10.358333333333333
SC,2012,9.033333333333333
SC,2013,7.425
SC,2014,6.3
SC,2015,5.8999999999999995
SC,2016,4.8999999999999995
SC,2017,4.191666666666666
SC,2018,3.3666666666666667
SC,2019,2.766666666666667
SC,2020,6.0
SC,2021,3.9250000000000003
SC,2022,3.1999999999999997
SC,2023,2.9916666666666667
SD,1995,3.1750000000000003
SD,1996,3.266666666666667
SD,1997,2.9416666666666664
SD,1998,2.8833333333333333
SD,1999,2.716666666666667
SD,2000,2.5166666666666666
SD,2001,3.0
SD,2002,3.2583333333333333
SD,2003,3.475
SD,2004,3.5666666666666664
SD,2005,3.516666666666667
SD,2006,3.0083333333333333
SD,2007,2.8499999999999996
SD,2008,3.0749999999999997
SD,2009,4.6000000000000005
SD,2010,4.858333333333333
SD,2011,4.558333333333334
SD,2012,4.016666666666667
SD,2013,3.6999999999999997
SD,2014,3.341666666666667
SD,2015,3.025
SD,2016,3.0
SD,2017,3.016666666666667
SD,2018,2.766666666666667
SD,2019,2.7416666666666667
SD,2020,4.141666666666667
SD,2021,2.5416666666666665
SD,2022,1.8916666666666666
SD,2023,1.8
TN,1995,5.125
TN,1996,5.2
TN,1997,5.2250000000000005
TN,1998,4.3500000000000005
TN,1999,3.9583333333333335
TN,2000,3.8333333333333335
TN,2001,4.591666666666667
TN,2002,5.175
TN,2003,5.533333333333334
TN,2004,5.3500000000000005
TN,2005,5.5
TN,2006,5.216666666666667
TN,2007,4.6499999999999995
TN,2008,6.508333333333333
TN,2009,10.383333333333333
TN,2010,9.799999999999999
TN,2011,9.041666666666666
TN,2012,7.925
TN,2013,7.625
TN,2014,6.575
TN,2015,5.5249999999999995
TN,2016,4.741666666666666
TN,2017,3.733333333333333
TN,2018,3.5
TN,2019,3.3333333333333335
TN,2020,7.491666666666666
TN,2021,4.466666666666667
TN,2022,3.3499999999999996
TN,2023,3.225
TX,1995,6.116666666666667
TX,1996,5.75
TX,1997,5.391666666666667
TX,1998,4.966666666666667
TX,1999,4.7250000000000005
TX,2000,4.366666666666666
TX,2001,4.958333333333333
TX,2002,6.366666666666667
TX,2003,6.758333333333333
TX,2004,6.0249999999999995
TX,2005,5.4750000000000005
TX,2006,4.9750000000000005
TX,2007,4.341666666666667
TX,2008,4.866666666666666
TX,2009,7.591666666666668
TX,2010,8.25
TX,2011,8.033333333333333
TX,2012,6.708333333333333
TX,2013,6.316666666666666
TX,2014,5.183333333333334
TX,2015,4.466666666666667
TX,2016,4.666666666666667
TX,2017,4.358333333333333
TX,2018,3.9166666666666665
TX,2019,3.525
TX,2020,7.7250000000000005
TX,2021,5.625
TX,2022,3.9166666666666665
TX,2023,4.016666666666667
UT,1995,3.4416666666666664
UT,1996,3.375
UT,1997,3.1666666666666665
UT,1998,3.5583333333333336
UT,1999,3.5083333333333333
UT,2000,3.3333333333333335
UT,2001,4.383333333333334
UT,2002,5.666666666666667
UT,2003,5.575
UT,2004,5.0
UT,2005,4.041666666666667
UT,2006,2.8666666666666667
UT,2007,2.558333333333333
UT,2008,3.341666666666667
UT,2009,7.625
UT,2010,8.258333333333333
UT,2011,7.216666666666666
UT,2012,4.758333333333334
UT,2013,4.191666666666666
UT,2014,3.625
UT,2015,3.5
UT,2016,3.3333333333333335
UT,2017,3.158333333333333
UT,2018,2.9166666666666665
UT,2019,2.5416666666666665
UT,2020,4.833333333333333
UT,2021,2.766666666666667
UT,2022,2.3666666666666667
UT,2023,2.6666666666666665
VT,1995,4.175
VT,1996,4.2
VT,1997,3.908333333333333
VT,1998,3.4
VT,1999,3.0666666666666664
VT,2000,2.775
VT,2001,3.216666666666667
VT,2002,3.9416666666666664
VT,2003,4.341666666666667
VT,2004,3.641666666666667
VT,2005,3.475
VT,2006,3.6833333333333336
VT,2007,3.8833333333333333
VT,2008,4.483333333333333
VT,2009,6.516666666666667
VT,2010,6.208333333333333
VT,2011,5.3999999999999995
VT,2012,4.783333333333333
VT,2013,4.416666666666667
VT,2014,3.908333333333333
VT,2015,3.475
VT,2016,3.125
VT,2017,2.9499999999999997
VT,2018,2.5
VT,2019,2.1
VT,2020,5.6499999999999995
VT,2021,3.6166666666666667
VT,2022,2.35
VT,2023,1.9083333333333332
VA,1995,4.416666666666667
VA,1996,4.2250000000000005
VA,1997,3.6
VA,1998,2.8249999999999997
VA,1999,2.6750000000000003
VA,2000,2.2916666666666665
VA,2001,3.1666666666666665
VA,2002,4.191666666666666
VA,2003,4.108333333333333
VA,2004,3.716666666666667
VA,2005,3.4916666666666667
VA,2006,3.0749999999999997
VA,2007,3.0749999999999997
VA,2008,4.075
VA,2009,6.766666666666667
VA,2010,6.808333333333334
VA,2011,6.283333333333334
VA,2012,5.816666666666666
VA,2013,5.5249999999999995
VA,2014,5.066666666666666
VA,2015,4.375
VA,2016,4.0
VA,2017,3.625
VA,2018,3.0
VA,2019,2.725
VA,2020,6.516666666666667
VA,2021,3.8333333333333335
VA,2022,2.6916666666666664
VA,2023,2.6916666666666664
WA,1995,6.208333333333333
WA,1996,5.891666666666667
WA,1997,4.8999999999999995
WA,1998,4.7749999999999995
WA,1999,4.8500000000000005
WA,2000,5.058333333333334
WA,2001,6.05
WA,2002,7.1499999999999995
WA,2003,7.266666666666667
WA,2004,6.25
WA,2005,5.575
WA,2006,4.991666666666666
WA,2007,4.608333333333333
WA,2008,5.2
WA,2009,9.041666666666666
WA,2010,9.991666666666667
WA,2011,9.433333333333334
WA,2012,8.441666666666666
WA,2013,6.625
WA,2014,5.933333333333334
WA,2015,5.441666666666666
WA,2016,5.191666666666666
WA,2017,4.6499999999999995
WA,2018,4.3999999999999995
WA,2019,4.183333333333334
WA,2020,8.700000000000001
WA,2021,5.191666666666667
WA,2022,4.058333333333334
WA,2023,4.2
WV,1995,7.9750000000000005
WV,1996,7.6499999999999995
WV,1997,6.991666666666667
WV,1998,6.6499999999999995
WV,1999,6.441666666666666
WV,2000,5.558333333333334
WV,2001,5.283333333333333
WV,2002,6.075
WV,2003,6.125
WV,2004,5.375
WV,2005,5.041666666666667
WV,2006,4.7749999999999995
WV,2007,4.4750000000000005
WV,2008,4.5249999999999995
WV,2009,7.9750000000000005
WV,2010,8.4
WV,2011,7.708333333333333
WV,2012,7.2
WV,2013,6.708333333333333
WV,2014,6.491666666666667
WV,2015,6.541666666666667
WV,2016,6.075
WV,2017,5.2
WV,2018,5.141666666666667
WV,2019,4.925
WV,2020,8.333333333333334
WV,2021,5.141666666666667
WV,2022,3.858333333333333
WV,2023,3.858333333333333
WI,1995,3.725
WI,1996,3.608333333333333
WI,1997,3.4916666666666667
WI,1998,3.275
WI,1999,3.0666666666666664
WI,2000,3.391666666666667
WI,2001,4.425
WI,2002,5.316666666666667
WI,2003,5.608333333333333
WI,2004,4.966666666666667
WI,2005,4.708333333333333
WI,2006,4.691666666666666
WI,2007,4.825
WI,2008,4.941666666666666
WI,2009,8.833333333333334
WI,2010,8.416666666666666
WI,2011,7.55
WI,2012,6.916666666666667
WI,2013,6.666666666666667
WI,2014,5.366666666666667
WI,2015,4.416666666666667
WI,2016,3.933333333333333
WI,2017,3.283333333333333
WI,2018,3.0
WI,2019,3.2083333333333335
WI,2020,6.433333333333334
WI,2021,3.7916666666666665
WI,2022,2.808333333333333
WI,2023,2.8000000000000003
WY,1995,4.766666666666667
WY,1996,4.991666666666667
WY,1997,4.783333333333333
WY,1998,4.8
WY,1999,4.716666666666667
WY,2000,3.7916666666666665
WY,2001,3.875
WY,2002,4.058333333333333
WY,2003,4.358333333333333
WY,2004,3.8333333333333335
WY,2005,3.5666666666666664
WY,2006,3.0749999999999997
WY,2007,2.733333333333333
WY,2008,3.0
WY,2009,6.283333333333334
WY,2010,6.875
WY,2011,6.066666666666666
WY,2012,5.441666666666666
WY,2013,4.716666666666667
WY,2014,4.358333333333333
WY,2015,4.25
WY,2016,5.2749999999999995
WY,2017,4.341666666666667
WY,2018,4.066666666666666
WY,2019,3.733333333333333
WY,2020,5.858333333333333
WY,2021,4.55
WY,2022,3.4333333333333336
WY,2023,2.8833333333333333
