state,year,real_gdp,population,gdp_per_capita
AL,1997,154700.0,4320.281,35807.85601677298
AL,1998,160396.4,4351.037,36863.94760605345
AL,1999,166531.8,4369.862,38109.166834101394
AL,2000,168695.3,4452.173,37890.553668961205
AL,2001,168448.3,4467.634,37704.14049136523
AL,2002,172430.4,4480.089,38488.163962814135
AL,2003,178040.0,4503.491,39533.77502031202
AL,2004,189913.7,4530.729,41916.80853125402
AL,2005,197246.5,4569.805,43163.00148474606
AL,2006,199923.9,4628.981,43189.61343760107
AL,2007,202025.5,4672.84,43233.98618399089
AL,2008,200967.4,4718.206,42594.028323477185
AL,2009,194192.1,4757.938,40814.34016164145
AL,2010,199455.0,4785.514,41678.90847252771
AL,2011,201372.8,4799.642,41955.79586977529
AL,2012,203675.5,4816.632,42285.87527550371
AL,2013,206962.9,4831.586,42835.396079051476
AL,2014,206070.0,4843.737,42543.59805249542
AL,2015,208950.3,4854.803,43039.91325703638
AL,2016,212862.8,4866.824,43737.51752683064
AL,2017,216615.5,4877.989,44406.72170437449
AL,2018,220808.8,4891.628,45140.14557116772
AL,2019,225272.8,4907.965,45899.43082316194
AL,2020,223025.5,5033.094,44311.80899860006
AL,2021,233951.1,5049.196,46334.32728695816
AL,2022,239846.6,5076.181,47249.41841120323
AL,2023,248313.7,5117.673,48520.82186571905
AL,2024,255629.4,5157.699,49562.682894057994
AK,1997,41071.0,608.846,67457.12380470595
AK,1998,40263.7,615.205,65447.61502263472
AK,1999,39783.1,619.5,64218.0790960452
AK,2000,38428.1,627.963,61194.847467127845
AK,2001,40014.4,633.714,63142.679505265776
AK,2002,41904.7,642.337,65237.87357726552
AK,2003,41235.0,648.414,63593.629995650925
AK,2004,42880.1,659.286,65040.210166756166
AK,2005,44406.8,666.946,66582.30201545553
AK,2006,47546.2,675.302,70407.31406096827
AK,2007,50126.7,680.3,73683.22798765251
AK,2008,49926.6,687.455,72625.26274447054
AK,2009,54951.9,698.895,78626.8323567918
AK,2010,53652.0,713.982,75144.75154835837
AK,2011,54045.5,722.349,74819.09714002511
AK,2012,57087.4,730.81,78115.24199176257
AK,2013,54627.6,737.626,74058.66929853341
AK,2014,53303.3,737.075,72317.33541362819
AK,2015,53681.1,738.43,72696.26098614628
AK,2016,53463.9,742.575,71997.98000201999
AK,2017,53550.9,740.983,72270.07907063996
AK,2018,52479.6,736.624,71243.40233280479
AK,2019,52377.5,733.603,71397.60878840463
AK,2020,50901.3,733.017,69440.81788007644
AK,2021,51764.0,734.42,70482.82998829009
AK,2022,50509.1,734.442,68772.07458179134
AK,2023,54183.8,736.51,73568.315433599
AK,2024,55945.7,740.133,75588.7117585623
AZ,1997,180293.9,4552.207,39605.82196723479
AZ,1998,197492.1,4667.277,42314.20162120226
AZ,1999,214293.9,4778.332,44847.00937481949
AZ,2000,224729.3,5160.586,43547.24444084451
AZ,2001,230885.6,5273.477,43782.42286825182
AZ,2002,238257.1,5396.255,44152.30562677264
AZ,2003,253743.1,5510.364,46048.33727862624
AZ,2004,264990.0,5652.404,46880.937739057576
AZ,2005,283806.2,5839.077,48604.63391731262
AZ,2006,296424.4,6029.141,49165.27910028974
AZ,2007,306611.6,6167.681,49712.6229453177
AZ,2008,302277.9,6280.362,48130.64915684796
AZ,2009,277412.4,6343.154,43734.14235252683
AZ,2010,282252.5,6407.342,44051.41788904042
AZ,2011,290411.3,6473.416,44862.14079243478
AZ,2012,297077.3,6556.344,45311.426612148476
AZ,2013,298859.9,6634.69,45045.043551394265
AZ,2014,301721.2,6732.873,44813.142918335165
AZ,2015,308582.8,6832.81,45161.917278542795
AZ,2016,319008.4,6944.767,45935.0760075896
AZ,2017,333099.0,7048.088,47260.90253129643
AZ,2018,346398.3,7164.228,48351.09937874674
AZ,2019,359576.7,7291.843,49312.18349051125
AZ,2020,366588.0,7187.135,51006.138050836664
AZ,2021,396457.5,7274.078,54502.783720493506
AZ,2022,413798.8,7377.566,56088.796765762585
AZ,2023,427644.0,7473.027,57225.00400440143
AZ,2024,446968.2,7582.384,58948.24108090543
AR,1997,87180.3,2524.007,34540.4351097283
AR,1998,89905.3,2538.202,35420.860908627445
AR,1999,94756.9,2551.373,37139.57151698321
AR,2000,95509.8,2678.588,35656.771403440915
AR,2001,95528.7,2691.571,35491.80014199886
AR,2002,98556.6,2705.927,36422.49033325732
AR,2003,102948.0,2724.816,37781.63369563303
AR,2004,108581.8,2749.686,39488.799812051264
AR,2005,112451.1,2781.097,40434.08050851876
AR,2006,114890.4,2821.761,40715.8508463332
AR,2007,114026.7,2848.65,40028.32920857248
AR,2008,113628.0,2874.554,39528.91474642675
AR,2009,109833.1,2896.843,37914.757548130845
AR,2010,113000.9,2921.998,38672.47684632228
AR,2011,115241.8,2941.038,39184.056785393455
AR,2012,116616.2,2952.876,39492.413497891546
AR,2013,119842.8,2960.459,40481.155118175935
AR,2014,121409.4,2968.759,40895.67391627276
AR,2015,121532.5,2979.732,40786.38615821826
AR,2016,123034.9,2991.815,41123.832857312365
AR,2017,123882.6,3003.855,41241.20505150881
AR,2018,126371.2,3012.161,41953.66715125785
AR,2019,127220.0,3020.985,42112.09257907603
AR,2020,128395.6,3014.546,42592.01883135968
AR,2021,137634.8,3026.87,45470.9980937404
AR,2022,138672.0,3047.704,45500.48167407333
AR,2023,141968.0,3069.463,46251.738496277685
AR,2024,147389.9,3088.354,47724.41889757457
CA,1997,1441226.4,32217.708,44733.98293882358
CA,1998,1538612.3,32682.794,47077.13483737039
CA,1999,1655438.5,33145.121,49945.163874948594
CA,2000,1784320.6,33987.977,52498.58207212509
CA,2001,1784567.7,34479.458,51757.417416480275
CA,2002,1821509.5,34871.843,52234.39151179936
CA,2003,1895287.6,35253.159,53762.20610470681
CA,2004,1956745.5,35574.576,55004.04277481761
CA,2005,2042141.0,35827.943,56998.555568763746
CA,2006,2120435.4,36021.202,58866.3143445352
CA,2007,2168940.4,36250.311,59832.32530060225
CA,2008,2192331.8,36604.337,59892.67883748311
CA,2009,2110679.4,36961.229,57105.22775094952
CA,2010,2153852.8,37319.55,57713.793440703324
CA,2011,2192887.2,37636.311,58265.20032741785
CA,2012,2255437.3,37944.551,59440.34757454371
CA,2013,2340335.3,38253.768,61179.20984934086
CA,2014,2428675.7,38586.706,62940.736636083944
CA,2015,2545979.5,38904.296,65442.117240728374
CA,2016,2623711.7,39149.186,67018.29509303207
CA,2017,2740550.3,39337.785,69667.12284385102
CA,2018,2850970.3,39437.463,72290.91536643723
CA,2019,2969609.0,39437.61,75298.9088334714
CA,2020,2930654.6,39521.958,74152.56602418332
CA,2021,3151112.5,39142.565,80503.47492557015
CA,2022,3147211.4,39142.414,80404.12121745992
CA,2023,3204016.4,39198.693,81737.83753453208
CA,2024,3306928.6,39431.263,83865.6524900052
CO,1997,189445.6,3891.293,48684.48610783099
CO,1998,206449.1,3968.967,52015.826788179394
CO,1999,221040.8,4056.133,54495.45170239734
CO,2000,238739.3,4326.921,55175.33137304794
CO,2001,242650.1,4425.687,54827.6685630954
CO,2002,243701.9,4490.406,54271.68501021957
CO,2003,246017.4,4528.732,54323.682655542434
CO,2004,250069.3,4575.013,54659.800966685776
CO,2005,261992.9,4631.888,56562.874577278206
CO,2006,268190.8,4720.423,56814.99306312168
CO,2007,278733.8,4803.868,58022.784972443034
CO,2008,281803.3,4889.73,57631.66882425002
CO,2009,275659.1,4972.195,55440.12252134118
CO,2010,279385.6,5047.539,55350.85513950462
CO,2011,283963.8,5121.9,55441.10583962983
CO,2012,289339.5,5193.66,55710.135049271616
CO,2013,301484.1,5270.774,57199.208313617695
CO,2014,315399.0,5352.637,58924.040617736646
CO,2015,330526.1,5454.328,60598.867541519314
CO,2016,337685.2,5543.844,60911.74282681836
CO,2017,350209.1,5617.421,62343.395661461014
CO,2018,365204.5,5697.155,64102.96016169474
CO,2019,383725.6,5758.486,66636.54300800593
CO,2020,380544.0,5787.129,65756.95824302518
CO,2021,406309.2,5814.036,69884.19060356695
CO,2022,422576.1,5850.935,72223.68732518819
CO,2023,440225.2,5901.339,74597.51083610007
CO,2024,448838.5,5957.493,75340.16405894223
CT,1997,205965.2,3268.514,63014.935839344726
CT,1998,212255.0,3272.563,64858.95000340712
CT,1999,218860.0,3282.031,66684.31833824849
CT,2000,233874.2,3411.777,68549.08746966756
CT,2001,236338.1,3432.835,68846.33255020996
CT,2002,234307.3,3458.749,67743.36617083229
CT,2003,236719.1,3484.336,67938.0805984268
CT,2004,252680.8,3496.094,72275.17337920547
CT,2005,258203.7,3506.956,73626.15898231971
CT,2006,269478.6,3517.46,76611.70276278906
CT,2007,278485.4,3527.27,78952.10743719648
CT,2008,277793.2,3545.579,78349.1779480869
CT,2009,265530.8,3561.807,74549.46323593614
CT,2010,266773.4,3579.173,74534.92748185126
CT,2011,261555.8,3588.632,72884.54207620063
CT,2012,263649.9,3595.211,73333.6374415855
CT,2013,258911.0,3595.792,72003.88676541914
CT,2014,260605.8,3595.697,72477.13030324857
CT,2015,268869.8,3588.561,74924.12696899955
CT,2016,268196.2,3579.83,74918.69725657364
CT,2017,273875.1,3575.324,76601.47723674834
CT,2018,274582.8,3574.561,76815.81038902399
CT,2019,275225.4,3566.022,77179.9500956528
CT,2020,261737.1,3579.918,73112.59643377305
CT,2021,270779.8,3606.607,75078.82062004537
CT,2022,279348.5,3617.925,77212.35238430869
CT,2023,283228.5,3643.023,77745.46029492539
CT,2024,286160.1,3675.069,77865.2319180946
DE,1997,51267.0,735.024,69748.74289819108
DE,1998,56487.0,744.066,75916.65255501527
DE,1999,60866.2,753.538,80773.89594154508
DE,2000,63388.8,786.373,80609.07482835752
DE,2001,65724.8,795.699,82600.07867296554
DE,2002,63702.5,806.169,79018.79134523902
DE,2003,64316.8,818.003,78626.60650388812
DE,2004,67735.5,830.803,81530.1581722743
DE,2005,66381.2,845.15,78543.69046914749
DE,2006,68411.8,859.268,79616.37114381077
DE,2007,68132.4,871.749,78155.98297216286
DE,2008,65771.3,883.874,74412.5293876729
DE,2009,69186.2,891.73,77586.48918394581
DE,2010,68291.9,899.647,75909.66234534212
DE,2011,71103.5,907.59,78343.19461430822
DE,2012,70562.4,915.518,77073.74404435522
DE,2013,68656.8,924.062,74298.91067915356
DE,2014,73961.7,933.131,79261.8614106701
DE,2015,76211.2,942.065,80898.02720619066
DE,2016,71941.4,949.989,75728.66633192595
DE,2017,69555.6,957.942,72609.40641500216
DE,2018,70856.4,966.985,73275.59372689338
DE,2019,74627.8,976.668,76410.61240872026
DE,2020,72728.8,991.928,73320.64424030777
DE,2021,75205.5,1005.062,74826.72710738242
DE,2022,81111.8,1020.625,79472.67605633802
DE,2023,82090.9,1036.423,79205.98056970947
DE,2024,85350.5,1051.917,81138.05556902304
DC,1997,86535.2,528.752,163659.33367627926
DC,1998,88108.1,521.426,168975.2716588739
DC,1999,92096.8,519.0,177450.4816955684
DC,2000,92764.3,572.046,162162.3086255301
DC,2001,96185.3,574.504,167423.20331973318
DC,2002,99014.7,573.158,172752.8883833079
DC,2003,100969.4,568.502,177606.05943338812
DC,2004,106547.2,567.754,187664.37576837855
DC,2005,108884.1,567.136,191989.39936805284
DC,2006,108848.3,570.681,190734.0528246078
DC,2007,112287.6,574.404,195485.4074832348
DC,2008,116213.7,580.236,200286.95220565426
DC,2009,115646.0,592.228,195272.766569632
DC,2010,120393.2,605.282,198904.31237010186
DC,2011,122636.4,620.29,197708.16875977366
DC,2012,123567.9,635.737,194369.52702139408
DC,2013,124094.8,651.559,190458.27008758992
DC,2014,126883.9,663.603,191204.53041954304
DC,2015,129110.2,677.014,190705.36207523034
DC,2016,132217.8,687.576,192295.542601836
DC,2017,134298.8,697.079,192659.36859380358
DC,2018,138056.8,704.147,196062.46991040223
DC,2019,138909.7,708.253,196130.05522038028
DC,2020,137828.9,670.917,205433.60803199201
DC,2021,143338.7,669.256,214176.18967928566
DC,2022,143050.8,676.725,211386.90014407624
DC,2023,143179.2,687.324,208313.98292508337
DC,2024,145088.0,702.25,206604.48558205768
FL,1997,603988.6,14683.35,41134.250698920885
FL,1998,634032.3,14908.23,42529.012498465614
FL,1999,664152.0,15111.244,43950.84878518274
FL,2000,693837.3,16047.515,43236.4325566918
FL,2001,714638.0,16356.966,43690.131776271955
FL,2002,746252.8,16689.37,44714.25823742898
FL,2003,781834.2,17004.085,45979.198527883156
FL,2004,833946.8,17415.318,47885.82097668271
FL,2005,883164.5,17842.038,49499.081887394255
FL,2006,909298.9,18166.99,50052.25962033336
FL,2007,922288.3,18367.842,50212.12072708378
FL,2008,891766.9,18527.305,48132.57513707471
FL,2009,840480.6,18652.644,45059.59584067546
FL,2010,851956.4,18846.143,45205.875812361184
FL,2011,849395.3,19055.607,44574.560128155455
FL,2012,857861.3,19302.016,44444.12956656963
FL,2013,880183.5,19551.678,45018.30993738747
FL,2014,905648.5,19853.88,45615.69325492044
FL,2015,945929.0,20219.111,46783.906572351276
FL,2016,978989.7,20627.237,47461.01962177484
FL,2017,1014866.9,20977.089,48379.77757543003
FL,2018,1050433.8,21254.926,49420.72251862933
FL,2019,1084913.9,21492.056,50479.76331347731
FL,2020,1072481.6,21592.035,49670.24182759986
FL,2021,1172655.3,21831.949,53712.80869151902
FL,2022,1245927.6,22379.312,55673.186021089474
FL,2023,1309392.2,22904.868,57166.54643021737
FL,2024,1352275.1,23372.215,57858.23466025792
GA,1997,351183.9,7486.094,46911.50017619335
GA,1998,377705.9,7636.522,49460.46118900725
GA,1999,404465.2,7788.24,51932.81152095981
GA,2000,417713.5,8227.303,50771.61981271384
GA,2001,422731.6,8377.038,50463.13506038769
GA,2002,427329.7,8508.256,50225.29881564448
GA,2003,439074.6,8622.793,50920.229675002054
GA,2004,461245.4,8769.252,52598.032306518275
GA,2005,480838.3,8925.922,53869.87473114822
GA,2006,487524.9,9155.813,53247.581618366385
GA,2007,492238.7,9349.988,52645.91783433305
GA,2008,481860.3,9504.843,50696.292405881926
GA,2009,464016.8,9620.846,48230.353131107186
GA,2010,471588.2,9712.209,48556.224438745085
GA,2011,481215.4,9803.63,49085.430600706066
GA,2012,489027.3,9903.58,49378.840782828025
GA,2013,499900.2,9975.592,50112.334185279426
GA,2014,517511.9,10071.204,51385.306066682795
GA,2015,540108.5,10183.353,53038.37547416848
GA,2016,561718.3,10308.442,54491.095744633385
GA,2017,583543.3,10417.031,56018.197507523975
GA,2018,600934.7,10519.389,57126.38823414554
GA,2019,620744.9,10628.02,58406.448237771474
GA,2020,603202.5,10732.888,56201.322514499356
GA,2021,643748.4,10792.06,59650.18726730578
GA,2022,670107.2,10931.805,61298.861441454545
GA,2023,679447.2,11064.432,61408.23134888442
GA,2024,697450.9,11180.878,62378.90262285305
HI,1997,60620.2,1189.322,50970.38480747855
HI,1998,58946.1,1190.472,49514.89829244199
HI,1999,59612.1,1185.497,50284.4798426314
HI,2000,60745.7,1213.519,50057.47746842035
HI,2001,60446.4,1225.948,49305.8433147246
HI,2002,62355.2,1239.613,50302.150751887886
HI,2003,65623.7,1251.154,52450.53766362894
HI,2004,69332.0,1273.569,54439.139143619235
HI,2005,72941.9,1292.729,56424.74176722267
HI,2006,74892.9,1309.731,57181.89460278484
HI,2007,76434.1,1315.675,58094.97026241283
HI,2008,76830.2,1332.213,57671.10814862188
HI,2009,74118.5,1346.717,55036.43304421047
HI,2010,76130.2,1364.004,55813.76594203537
HI,2011,77174.2,1379.562,55941.08854839435
HI,2012,78694.0,1395.199,56403.4234542886
HI,2013,80534.9,1408.822,57164.709239350326
HI,2014,81304.9,1415.335,57445.693069132045
HI,2015,83857.6,1422.999,58930.188988186215
HI,2016,85670.4,1428.885,59956.11963174083
HI,2017,87436.4,1425.763,61326.040863734015
HI,2018,88836.4,1423.102,62424.478357840824
HI,2019,88855.2,1415.615,62767.913592325596
HI,2020,79696.8,1451.252,54915.89331143041
HI,2021,84532.0,1447.029,58417.626737266495
HI,2022,87491.2,1440.359,60742.63430158731
HI,2023,89642.2,1441.387,62191.62514994238
HI,2024,91878.0,1446.146,63533.00427481043
ID,1997,38816.3,1210.638,32062.68099960517
ID,1998,40879.3,1230.923,33210.28204038758
ID,1999,44821.5,1251.7,35808.500439402414
ID,2000,49793.0,1299.43,38319.10914785713
ID,2001,48695.4,1319.962,36891.51657396198
ID,2002,49840.5,1340.372,37184.08024041087
ID,2003,51542.6,1363.38,37805.014009300416
ID,2004,55137.1,1391.802,39615.6206127021
ID,2005,59331.9,1428.241,41541.938650409844
ID,2006,60738.6,1468.669,41356.22117713385
ID,2007,61812.1,1505.105,41068.29756063531
ID,2008,63878.2,1534.32,41632.90578236613
ID,2009,61276.1,1554.439,39420.07373721323
ID,2010,62626.4,1570.819,39868.62904001034
ID,2011,62704.0,1584.272,39579.06218124161
ID,2012,62007.3,1595.91,38853.88273774837
ID,2013,64769.8,1612.053,40178.45567112247
ID,2014,66784.9,1632.248,40915.90248540662
ID,2015,67790.5,1652.495,41023.11958583839
ID,2016,70442.5,1684.036,41829.568964083905
ID,2017,72935.1,1719.745,42410.415497646456
ID,2018,77652.1,1752.074,44320.102918027434
ID,2019,81144.3,1789.06,45355.82931818944
ID,2020,82711.6,1849.415,44723.115147222234
ID,2021,88955.2,1904.848,46699.36918851268
ID,2022,92792.5,1944.299,47725.4270047971
ID,2023,95286.5,1971.122,48341.24929862281
ID,2024,99567.3,2001.619,49743.38273167871
IL,1997,619325.8,12011.509,51561.03200688606
IL,1998,639642.7,12069.774,52995.41648418603
IL,1999,663857.8,12128.37,54735.94555575069
IL,2000,687111.4,12434.161,55259.97290850585
IL,2001,688404.3,12488.445,55123.29997850013
IL,2002,692398.1,12525.556,55278.83153450434
IL,2003,703548.8,12556.006,56032.84993651644
IL,2004,726139.0,12589.773,57676.89377719519
IL,2005,741248.6,12609.903,58783.05328756296
IL,2006,759825.7,12643.955,60093.989578419096
IL,2007,769571.6,12695.866,60615.920174330764
IL,2008,759095.3,12747.038,59550.72072429689
IL,2009,740794.3,12796.778,57889.12646605263
IL,2010,755391.4,12840.545,58828.60891029158
IL,2011,772225.6,12867.783,60012.32690977149
IL,2012,790723.3,12883.029,61377.126450619646
IL,2013,795435.2,12895.778,61681.83106129774
IL,2014,811490.1,12885.092,62978.99153533401
IL,2015,825424.9,12859.585,64187.522381165494
IL,2016,826404.7,12821.709,64453.55295460222
IL,2017,832826.8,12779.893,65166.9618830142
IL,2018,851517.2,12724.685,66918.52882802207
IL,2019,858018.3,12667.017,67736.41339551372
IL,2020,810693.1,12799.088,63339.91140618769
IL,2021,857114.6,12700.641,67485.93240293935
IL,2022,872907.5,12621.821,69158.60239184188
IL,2023,884965.3,12642.259,70000.56714547613
IL,2024,899125.9,12710.158,70740.73351409164
IN,1997,244848.3,5872.37,41694.971536194076
IN,1998,260549.9,5907.617,44104.06090983894
IN,1999,268864.3,5942.901,45241.255070545514
IN,2000,278990.4,6091.866,45797.19908481243
IN,2001,273884.4,6127.76,44695.67998746687
IN,2002,280723.0,6155.967,45601.77141950242
IN,2003,293045.2,6196.638,47290.99876416857
IN,2004,303819.8,6233.007,48743.69626088981
IN,2005,306344.6,6278.616,48791.74009049128
IN,2006,312525.5,6332.669,49351.30827144132
IN,2007,322661.7,6379.599,50577.1130756024
IN,2008,322384.3,6424.806,50178.05985114571
IN,2009,299789.0,6459.325,46411.81547607529
IN,2010,320731.8,6490.555,49415.15787170742
IN,2011,321532.8,6517.25,49335.655376117225
IN,2012,323876.2,6538.989,49530.01144366507
IN,2013,333207.4,6570.575,50712.06096878888
IN,2014,343827.8,6596.019,52126.56300717145
IN,2015,341205.2,6611.442,51608.28757175817
IN,2016,348439.2,6637.898,52492.400455686424
IN,2017,357535.8,6662.068,53667.38976546021
IN,2018,368762.9,6698.481,55051.71993471356
IN,2019,370507.2,6731.01,55044.81496833313
IN,2020,359963.6,6790.497,53009.90487146964
IN,2021,386872.8,6815.907,56760.28150031977
IN,2022,393481.5,6844.545,57488.335601563
IN,2023,400369.5,6880.131,58192.13326025333
IN,2024,412003.4,6924.275,59501.30519079615
IA,1997,120232.5,2854.396,42121.870966747425
IA,1998,121031.0,2861.025,42303.37029561084
IA,1999,123683.4,2869.413,43104.07738446853
IA,2000,129323.4,2929.067,44151.738420459485
IA,2001,128077.5,2931.997,43682.68453207831
IA,2002,131035.2,2934.234,44657.37906383745
IA,2003,137476.9,2941.999,46729.077746117524
IA,2004,149063.2,2953.635,50467.71181950376
IA,2005,153626.8,2964.454,51822.96638773953
IA,2006,155704.5,2982.644,52203.514733907235
IA,2007,162838.1,2999.212,54293.62779290027
IA,2008,160469.1,3016.734,53192.98950454366
IA,2009,156737.2,3032.87,51679.49829699262
IA,2010,161593.1,3050.819,52967.121287759124
IA,2011,164559.3,3066.772,53658.7982412778
IA,2012,170923.7,3076.844,55551.630176895545
IA,2013,171069.1,3093.935,55291.756290936944
IA,2014,180309.9,3110.643,57965.47530526647
IA,2015,185989.2,3122.541,59563.41325862495
IA,2016,186729.9,3133.21,59596.99477532626
IA,2017,187125.0,3143.734,59523.16576402457
IA,2018,189245.1,3149.9,60079.71681640687
IA,2019,188471.4,3159.596,59650.47430114483
IA,2020,187261.7,3191.141,58681.73797397232
IA,2021,202470.6,3198.613,63299.498876544305
IA,2022,202672.5,3202.82,63279.39128642883
IA,2023,201359.8,3218.414,62564.915514287466
IA,2024,206438.9,3241.488,63686.46127951114
KS,1997,108792.9,2616.339,41582.11149243275
KS,1998,112625.7,2638.667,42682.80158125296
KS,1999,115486.4,2654.052,43513.2393788818
KS,2000,118840.9,2693.681,44118.401547919
KS,2001,119474.1,2702.162,44214.262505356826
KS,2002,121050.5,2713.535,44609.89078821537
KS,2003,123486.7,2723.004,45349.43760640822
KS,2004,124793.2,2734.373,45638.68938144138
KS,2005,129588.2,2745.299,47203.67435386819
KS,2006,136135.8,2762.931,49272.24024052718
KS,2007,143586.6,2783.785,51579.62989239471
KS,2008,147265.0,2808.076,52443.38116204832
KS,2009,141902.5,2832.704,50094.3621359662
KS,2010,143870.1,2858.266,50334.74841039987
KS,2011,147836.8,2869.677,51516.87803191788
KS,2012,150077.1,2886.024,52001.33470823528
KS,2013,150702.9,2894.306,52068.751541820384
KS,2014,154110.1,2901.861,53107.33353527271
KS,2015,158602.6,2910.717,54489.18599781428
KS,2016,164643.7,2912.977,56520.76895904088
KS,2017,166273.6,2910.892,57121.184846431956
KS,2018,169796.9,2912.748,58294.40102611005
KS,2019,169562.3,2912.635,58216.11702118528
KS,2020,166621.4,2938.172,56709.20558769194
KS,2021,170401.2,2938.338,57992.375281536704
KS,2022,177776.1,2937.324,60523.1496423275
KS,2023,180267.5,2951.5,61076.571234965275
KS,2024,181599.6,2970.606,61132.17303136127
KY,1997,155770.4,3907.816,39861.24218745202
KY,1998,160810.1,3934.31,40873.77456275687
KY,1999,165761.9,3960.825,41850.34683430851
KY,2000,161101.0,4049.021,39787.642494321466
KY,2001,161316.4,4068.132,39653.67888750906
KY,2002,165435.3,4089.875,40449.964852226534
KY,2003,170481.9,4117.17,41407.54450265595
KY,2004,175344.6,4146.101,42291.44441970903
KY,2005,182017.9,4182.742,43516.40622347732
KY,2006,186332.6,4219.239,44162.60847039004
KY,2007,185790.0,4256.672,43646.77381766789
KY,2008,186515.9,4289.878,43478.13620806932
KY,2009,178112.8,4317.074,41257.75930641912
KY,2010,186720.6,4348.464,42939.437925667546
KY,2011,188389.8,4370.817,43101.73589971852
KY,2012,192060.1,4387.865,43770.74043982666
KY,2013,196698.0,4406.906,44634.03576114399
KY,2014,196795.8,4416.992,44554.25773920351
KY,2015,199487.1,4429.126,45039.83404400778
KY,2016,201007.2,4440.306,45268.7720170637
KY,2017,203564.0,4455.59,45687.32760420057
KY,2018,205940.1,4464.273,46130.71378027285
KY,2019,211783.1,4472.345,47353.92730212003
KY,2020,206601.9,4508.318,45826.824993268
KY,2021,215535.0,4507.583,47816.091240028196
KY,2022,220641.8,4519.233,48822.842283192746
KY,2023,226942.4,4550.595,49870.92896643186
KY,2024,230966.4,4588.372,50337.33097490787
LA,1997,202386.5,4351.39,46510.77012173121
LA,1998,209356.6,4362.758,47987.21359286947
LA,1999,213475.3,4372.035,48827.44534295814
LA,2000,206556.1,4471.885,46189.94003647231
LA,2001,210534.7,4477.875,47016.65410490467
LA,2002,214856.1,4497.267,47774.81523778775
LA,2003,223576.0,4521.042,49452.3165234917
LA,2004,234620.8,4552.238,51539.66027259559
LA,2005,249560.9,4576.628,54529.42646857032
LA,2006,247139.7,4302.665,57438.75016995281
LA,2007,234216.4,4375.581,53528.06861534502
LA,2008,237061.6,4435.586,53445.38466845192
LA,2009,241868.8,4491.648,53848.56515915762
LA,2010,253466.9,4544.635,55772.77383112175
LA,2011,241235.9,4576.244,52714.824646587906
LA,2012,242416.8,4602.067,52675.63466590121
LA,2013,236482.3,4626.04,51119.81305825285
LA,2014,243042.9,4645.938,52312.988249089845
LA,2015,239584.1,4666.998,51335.8051578338
LA,2016,235554.2,4681.346,50317.62232486127
LA,2017,239830.7,4673.673,51315.25033950814
LA,2018,245220.3,4664.45,52572.178927847875
LA,2019,246674.4,4658.285,52953.909002991444
LA,2020,225636.0,4652.301,48499.87135398161
LA,2021,242582.1,4627.971,52416.512549452025
LA,2022,240043.0,4593.687,52254.97514306047
LA,2023,248949.4,4588.071,54260.14549469701
LA,2024,257055.9,4597.74,55909.18581737985
ME,1997,46325.0,1245.215,37202.410828652086
ME,1998,48138.5,1247.554,38586.30568296042
ME,1999,50620.3,1253.04,40397.99208325353
ME,2000,52958.5,1277.072,41468.68774822407
ME,2001,54066.2,1285.692,42052.21779399732
ME,2002,55406.5,1295.96,42753.24855705423
ME,2003,56882.4,1306.513,43537.569086568605
ME,2004,58934.8,1313.688,44862.09815420404
ME,2005,59589.7,1318.787,45185.2346133227
ME,2006,59986.0,1323.619,45319.687916235715
ME,2007,60032.6,1327.04,45237.97323366289
ME,2008,59845.1,1330.509,44979.10198277501
ME,2009,58771.8,1329.59,44202.9497815116
ME,2010,59958.5,1327.651,45161.34134648337
ME,2011,59429.7,1328.473,44735.34652190899
ME,2012,59181.7,1328.094,44561.37893853899
ME,2013,59013.9,1328.543,44420.015008923314
ME,2014,59589.8,1331.217,44763.40070777341
ME,2015,60563.0,1329.098,45566.99355502755
ME,2016,62037.1,1332.348,46562.23449128906
ME,2017,63000.6,1335.743,47165.2106730112
ME,2018,64806.3,1340.123,48358.47157313172
ME,2019,66758.4,1345.77,49606.099110546376
ME,2020,67639.2,1364.571,49568.106020133804
ME,2021,71353.5,1378.931,51745.51881131108
ME,2022,72884.4,1390.922,52400.06269222861
ME,2023,75514.0,1399.646,53952.21363116102
ME,2024,77758.6,1405.012,55343.72660162333
MD,1997,237589.2,5092.914,46650.93500498929
MD,1998,248662.9,5130.072,48471.6198914947
MD,1999,258913.4,5171.634,50064.13833616223
MD,2000,269301.2,5311.034,50705.98305339413
MD,2001,281053.6,5374.691,52292.04804518064
MD,2002,290400.3,5440.389,53378.59112648011
MD,2003,297690.6,5496.269,54162.30537479152
MD,2004,311504.8,5546.935,56158.00437538929
MD,2005,325644.5,5592.379,58230.04842840587
MD,2006,329874.0,5627.367,58619.59953918058
MD,2007,331763.5,5653.408,58683.80629878473
MD,2008,338165.4,5684.965,59484.16568967443
MD,2009,336285.8,5730.388,58684.647531720366
MD,2010,352622.9,5788.784,60914.84843794483
MD,2011,360155.9,5840.241,61667.98596153823
MD,2012,361561.8,5888.375,61402.64504213811
MD,2013,364633.2,5925.197,61539.42223355611
MD,2014,370343.9,5960.064,62137.57100594893
MD,2015,378745.9,5988.528,63245.24156854572
MD,2016,391950.9,6007.014,65248.874066216595
MD,2017,399714.5,6028.186,66307.59236692432
MD,2018,402480.9,6042.153,66612.16622617799
MD,2019,402506.2,6054.954,66475.51740277465
MD,2020,389178.6,6177.935,62994.932772844
MD,2021,407160.1,6179.403,65889.87641686421
MD,2022,412670.7,6192.44,66641.04940863376
MD,2023,420558.0,6217.062,67645.77866522805
MD,2024,433105.9,6263.22,69150.67648909027
MA,1997,322389.9,6115.476,52717.05751114059
MA,1998,335504.4,6144.407,54603.21882974223
MA,1999,353837.9,6175.169,57300.11599682535
MA,2000,382599.6,6361.104,60146.729246998635
MA,2001,388180.8,6397.634,60675.68104083478
MA,2002,388451.6,6417.206,60532.823786551344
MA,2003,397069.9,6422.565,61824.19329348944
MA,2004,407886.0,6412.281,63610.12563236078
MA,2005,417075.6,6403.29,65134.57925535155
MA,2006,426926.1,6410.084,66602.26293446388
MA,2007,440373.8,6431.559,68470.77046171854
MA,2008,447526.8,6468.967,69180.56623259943
MA,2009,441307.6,6517.613,67710.00364704072
MA,2010,462330.8,6566.44,70408.13591535139
MA,2011,472664.3,6614.218,71461.85686652602
MA,2012,483286.3,6664.269,72519.02646786916
MA,2013,486991.8,6715.158,72521.27202368135
MA,2014,496250.9,6764.864,73357.11405284719
MA,2015,514398.7,6797.484,75674.86734797758
MA,2016,521662.8,6827.28,76408.58438499666
MA,2017,530129.4,6863.56,77238.25536601996
MA,2018,549262.1,6885.72,79768.28857403438
MA,2019,566326.8,6894.883,82137.2603421987
MA,2020,560395.8,6994.598,80118.37134886094
MA,2021,597420.0,7000.474,85339.9355529354
MA,2022,607470.6,7022.468,86503.86160535015
MA,2023,614786.1,7066.568,86999.2477253456
MA,2024,628786.9,7136.171,88112.64472221868
MI,1997,423459.8,9785.45,43274.43295913831
MI,1998,431274.3,9820.231,43916.92008059689
MI,1999,457637.6,9863.775,46395.78660299936
MI,2000,467654.4,9952.45,46988.8720867726
MI,2001,453301.5,9991.12,45370.43894978741
MI,2002,465788.4,10015.71,46505.77942053035
MI,2003,477085.4,10041.152,47513.01444296431
MI,2004,485082.7,10055.315,48241.42257104824
MI,2005,493796.3,10051.137,49128.40209023118
MI,2006,483763.6,10036.081,48202.440773445334
MI,2007,482935.1,10001.284,48287.30990940763
MI,2008,455256.7,9946.889,45768.75242098309
MI,2009,416297.1,9901.591,42043.45544064585
MI,2010,441271.5,9877.597,44673.97282962648
MI,2011,453989.1,9883.053,45936.11913241789
MI,2012,463302.6,9898.289,46806.331882207116
MI,2013,472779.9,9914.802,47684.25027549718
MI,2014,479534.9,9932.033,48281.6458624332
MI,2015,490618.7,9934.483,49385.428511981954
MI,2016,500159.5,9954.117,50246.49599758572
MI,2017,505101.5,9976.752,50627.84962480775
MI,2018,516843.0,9987.286,51750.09507087311
MI,2019,521085.1,9984.795,52187.86164362914
MI,2020,502622.3,10072.703,49899.4460573294
MI,2021,528701.8,10041.351,52652.45682577972
MI,2022,539807.5,10050.877,53707.50234034303
MI,2023,554556.2,10083.356,54997.18546087235
MI,2024,562177.6,10140.459,55439.06838931058
MN,1997,225480.3,4687.726,48100.14493167903
MN,1998,237724.0,4726.411,50296.937782177636
MN,1999,247004.7,4775.508,51723.230282516546
MN,2000,263345.6,4933.692,53376.984213850395
MN,2001,263518.7,4982.796,52885.70914803656
MN,2002,268982.8,5018.935,53593.601032888444
MN,2003,280796.9,5053.572,55564.044600532055
MN,2004,293753.9,5087.713,57737.90699278832
MN,2005,301761.2,5119.598,58942.36227141272
MN,2006,302272.7,5163.555,58539.64952440711
MN,2007,304208.0,5207.203,58420.61467547933
MN,2008,309290.4,5247.018,58945.938435888726
MN,2009,296875.2,5281.203,56213.55588868672
MN,2010,308091.9,5310.934,58010.86965117623
MN,2011,315213.3,5346.62,58955.6205602792
MN,2012,321053.9,5377.5,59703.18921431892
MN,2013,329774.5,5414.722,60903.31137960545
MN,2014,338623.9,5452.665,62102.45815578254
MN,2015,345456.2,5484.002,62993.44894476698
MN,2016,350603.6,5525.36,63453.53062967843
MN,2017,354721.9,5569.283,63692.56150208204
MN,2018,364799.7,5608.762,65041.03757656324
MN,2019,369617.4,5640.053,65534.384162702016
MN,2020,357831.5,5710.735,62659.44751419914
MN,2021,377975.8,5718.66,66095.1691480172
MN,2022,385921.8,5721.621,67449.73146596043
MN,2023,389864.5,5753.048,67766.59954862187
MN,2024,399253.3,5793.151,68918.15870154256
MS,1997,88384.3,2731.826,32353.561317594897
MS,1998,90960.1,2751.335,33060.35070247716
MS,1999,93597.7,2768.619,33806.63789419924
MS,2000,93957.0,2848.353,32986.43110597598
MS,2001,93515.5,2852.994,32778.02196569639
MS,2002,94561.5,2858.681,33078.71707266393
MS,2003,98762.1,2868.312,34432.1329060437
MS,2004,101369.5,2889.01,35087.971311971916
MS,2005,103691.8,2905.943,35682.6682422883
MS,2006,105879.9,2904.978,36447.74590375555
MS,2007,107713.9,2928.35,36783.13726159783
MS,2008,109434.0,2947.806,37123.881286624695
MS,2009,105360.0,2958.774,35609.343599747735
MS,2010,106711.8,2970.615,35922.46050060341
MS,2011,106491.1,2979.147,35745.500305960064
MS,2012,108646.5,2984.599,36402.3776728465
MS,2013,109032.7,2989.839,36467.74960123271
MS,2014,109299.6,2991.892,36531.93363931586
MS,2015,109401.7,2990.231,36586.370751958624
MS,2016,109911.0,2990.595,36752.21820406976
MS,2017,110281.4,2990.674,36875.09905793811
MS,2018,110174.8,2982.879,36935.72551886952
MS,2019,111207.8,2978.227,37340.26989883579
MS,2020,111195.0,2958.536,37584.467452821256
MS,2021,116078.4,2947.209,39385.87321089207
MS,2022,115700.3,2941.939,39327.905847130074
MS,2023,119454.2,2943.172,40586.890606461326
MS,2024,123419.3,2943.045,41935.920109954146
MO,1997,243724.1,5407.113,45074.71917084033
MO,1998,249234.0,5437.562,45835.61529965084
MO,1999,256290.4,5468.338,46868.061191535715
MO,2000,262665.4,5607.285,46843.597213268105
MO,2001,260381.1,5641.142,46157.51562360955
MO,2002,264997.7,5674.825,46697.069953699014
MO,2003,271970.5,5709.403,47635.5408787924
MO,2004,279128.2,5747.741,48563.113751994046
MO,2005,285341.7,5790.3,49279.26014196155
MO,2006,286558.3,5842.704,49045.49331953151
MO,2007,288320.8,5887.612,48970.75418692672
MO,2008,297881.8,5923.916,50284.60903226852
MO,2009,289566.8,5961.088,48576.16596164995
MO,2010,295986.4,5996.089,49363.24327407415
MO,2011,292984.2,6011.182,48739.865138004476
MO,2012,296514.3,6026.027,49205.60428952608
MO,2013,302025.7,6042.989,49979.52172343852
MO,2014,303617.8,6059.13,50109.14108131035
MO,2015,308009.9,6075.411,50697.78818256082
MO,2016,308423.3,6091.384,50632.713353812534
MO,2017,311273.8,6111.382,50933.45498612262
MO,2018,314182.4,6125.986,51286.8295813931
MO,2019,321329.1,6140.475,52329.681335727284
MO,2020,316158.6,6154.744,51368.27786825902
MO,2021,331578.0,6171.374,53728.3917649457
MO,2022,337225.4,6179.414,54572.39149213825
MO,2023,346895.3,6208.038,55878.41118240578
MO,2024,353307.4,6245.466,56570.22230206681
MT,1997,30144.8,878.706,34305.89981176867
MT,1998,31456.1,879.533,35764.547777058964
MT,1999,31633.4,882.779,35833.883678701015
MT,2000,32513.7,903.773,35975.51597580366
MT,2001,32689.6,906.961,36043.00515678182
MT,2002,33663.8,911.667,36925.54408572428
MT,2003,35249.5,919.63,38330.08927503452
MT,2004,36949.9,930.009,39730.69077826128
MT,2005,38849.0,940.102,41324.239284673364
MT,2006,40055.0,952.692,42044.01842358286
MT,2007,42057.7,964.706,43596.391024830365
MT,2008,42049.3,976.415,43064.98773574761
MT,2009,40938.4,983.982,41604.82610454256
MT,2010,42469.8,990.73,42867.178746984544
MT,2011,43532.2,997.518,43640.51576011661
MT,2012,44329.1,1004.168,44145.103209821464
MT,2013,45114.7,1014.158,44484.883026116244
MT,2014,46166.7,1022.657,45143.875219159505
MT,2015,47765.6,1031.495,46307.156118061655
MT,2016,47189.6,1042.137,45281.570465303506
MT,2017,48470.5,1053.862,45993.21353270162
MT,2018,49455.0,1061.818,46575.77852324975
MT,2019,50263.5,1070.123,46969.834308766374
MT,2020,50062.9,1087.23,46046.28275525878
MT,2021,53345.9,1106.522,48210.42871266907
MT,2022,55806.9,1122.095,49734.55901683903
MT,2023,58604.9,1131.302,51803.05524077568
MT,2024,60605.7,1137.233,53292.24530065519
NE,1997,73974.1,1656.042,44669.217326613696
NE,1998,75750.0,1660.772,45611.318109891065
NE,1999,77421.1,1666.028,46470.46748313954
NE,2000,80268.2,1713.82,46835.840403309565
NE,2001,82268.1,1719.836,47834.85169516163
NE,2002,83433.2,1728.292,48274.94428024894
NE,2003,88310.7,1738.643,50792.88847681784
NE,2004,90607.6,1749.37,51794.41741884222
NE,2005,94556.0,1761.497,53679.342059623144
NE,2006,97322.8,1772.693,54901.102446955
NE,2007,99780.7,1783.44,55948.44794330058
NE,2008,99860.1,1796.378,55589.69214719842
NE,2009,99986.4,1812.683,55159.341153417336
NE,2010,103940.8,1829.591,56810.948457879385
NE,2011,109734.2,1840.914,59608.542278455156
NE,2012,109686.3,1853.691,59171.83608271281
NE,2013,111382.2,1865.813,59696.33612800425
NE,2014,115651.9,1879.955,61518.44060097184
NE,2015,119640.8,1892.059,63233.12327998228
NE,2016,121303.1,1906.483,63626.636062319994
NE,2017,123219.9,1916.998,64277.531849276835
NE,2018,125543.4,1925.512,65200.00914042603
NE,2019,127568.9,1932.571,66009.94219617288
NE,2020,126711.2,1963.387,64537.04745931393
NE,2021,135166.4,1964.537,68803.18365090604
NE,2022,139878.1,1972.246,70923.25196755373
NE,2023,147146.5,1987.864,74022.41803262195
NE,2024,148102.8,2005.465,73849.60595173688
NV,1997,97208.5,1675.581,58014.80202986308
NV,1998,102779.4,1743.772,58940.847771382956
NV,1999,110091.0,1809.253,60848.86967162691
NV,2000,114810.2,2018.741,56872.17924439044
NV,2001,116267.3,2098.399,55407.62266852015
NV,2002,120180.1,2173.791,55285.94975321914
NV,2003,125905.4,2248.85,55986.570914022726
NV,2004,139373.0,2346.222,59403.159632805415
NV,2005,150680.9,2432.143,61953.964055567456
NV,2006,156297.9,2522.658,61957.62564723399
NV,2007,157734.3,2601.072,60642.035283913705
NV,2008,152745.6,2653.63,57561.001345326964
NV,2009,140304.3,2684.665,52261.380842674975
NV,2010,142614.2,2702.483,52771.5437987954
NV,2011,144341.2,2713.114,53201.30300459177
NV,2012,142986.1,2744.67,52095.91681331453
NV,2013,144549.3,2776.956,52053.14740312774
NV,2014,145303.6,2818.935,51545.56596728907
NV,2015,151055.9,2868.531,52659.67144855677
NV,2016,156007.4,2919.555,53435.3351795051
NV,2017,163199.1,2972.097,54910.42183347313
NV,2018,168638.5,3030.725,55642.95671827698
NV,2019,176029.7,3090.771,56953.32976787992
NV,2020,165924.8,3116.967,53232.774039635326
NV,2021,182618.3,3148.141,58008.29759531101
NV,2022,194463.9,3176.116,61226.951408575755
NV,2023,201158.6,3214.363,62581.17082607036
NV,2024,207351.9,3267.467,63459.52384522935
NH,1997,51026.6,1173.239,43492.076209536164
NH,1998,54954.5,1185.823,46342.91964315079
NH,1999,56913.1,1201.134,47382.80658111418
NH,2000,60742.5,1239.882,48990.54910064022
NH,2001,61719.4,1255.517,49158.553806917786
NH,2002,63474.2,1269.089,50015.562344327314
NH,2003,66119.4,1279.84,51662.239029878736
NH,2004,68428.1,1290.121,53040.06368394902
NH,2005,69556.1,1298.492,53566.82983029545
NH,2006,71424.5,1308.389,54589.65185430327
NH,2007,71943.5,1312.54,54812.42476419766
NH,2008,71195.6,1315.906,54103.86456175441
NH,2009,70498.6,1316.102,53566.21295309938
NH,2010,72950.4,1316.807,55399.462487669036
NH,2011,73465.0,1320.444,55636.588904944096
NH,2012,74082.8,1324.677,55925.18025148773
NH,2013,75503.4,1327.272,56886.15445816683
NH,2014,76836.2,1334.257,57587.256428109424
NH,2015,79319.3,1337.48,59305.03633699196
NH,2016,80736.1,1343.694,60085.18308483926
NH,2017,81179.6,1350.395,60115.44770233895
NH,2018,82269.5,1355.064,60712.63054733946
NH,2019,84438.2,1360.783,62051.186706477085
NH,2020,83682.9,1378.756,60694.49561778879
NH,2021,90296.7,1387.677,65070.401829820636
NH,2022,91702.1,1396.678,65657.29538232864
NH,2023,93645.8,1402.199,66784.9570567373
NH,2024,94926.0,1409.032,67369.65519590754
NJ,1997,454064.1,8054.178,56376.2186532257
NJ,1998,461237.3,8095.542,56974.233473188084
NJ,1999,477827.9,8143.412,58676.62105269879
NJ,2000,503901.5,8430.621,59770.389393616446
NJ,2001,509631.5,8492.671,60008.38840925311
NJ,2002,517752.2,8552.643,60537.09946738102
NJ,2003,529815.9,8601.402,61596.45834481402
NJ,2004,536174.0,8634.561,62096.266388065356
NJ,2005,546357.8,8651.974,63148.34048276151
NJ,2006,555211.0,8661.679,64099.69706797031
NJ,2007,560823.8,8677.885,64626.78406086275
NJ,2008,573202.7,8711.09,65801.48982503911
NJ,2009,546362.2,8755.602,62401.443098943964
NJ,2010,554764.4,8799.451,63045.34226055694
NJ,2011,548479.3,8828.552,62125.62377159924
NJ,2012,560729.7,8845.671,63390.29565987702
NJ,2013,570952.4,8857.821,64457.43258979833
NJ,2014,570696.4,8867.277,64359.825457127365
NJ,2015,581414.9,8870.312,65546.16117223386
NJ,2016,587049.7,8873.584,66157.00037324264
NJ,2017,590086.7,8888.147,66390.29484998391
NJ,2018,606892.2,8891.73,68253.55695685766
NJ,2019,618691.0,8891.258,69584.19157334091
NJ,2020,598481.3,9272.794,64541.63653371357
NJ,2021,631158.3,9270.541,68082.14321041243
NJ,2022,648512.4,9295.227,69768.32303288559
NJ,2023,662320.1,9379.642,70612.51378250898
NJ,2024,675897.6,9500.851,71140.74307659388
NM,1997,67993.2,1722.939,39463.49812732778
NM,1998,67718.1,1733.535,39063.589716965624
NM,1999,71421.0,1739.844,41050.23208977356
NM,2000,72733.8,1821.204,39937.20637556254
NM,2001,72996.4,1831.69,39851.9400116832
NM,2002,75345.9,1855.309,40610.97100267395
NM,2003,78766.8,1877.574,41951.36916041658
NM,2004,85751.0,1903.808,45041.83194944028
NM,2005,86295.9,1932.274,44660.28109885037
NM,2006,88554.5,1962.137,45131.66002170083
NM,2007,89392.3,1990.07,44919.173697407634
NM,2008,89012.9,2010.662,44270.44426164119
NM,2009,90829.2,2036.802,44594.02533972375
NM,2010,90721.0,2064.614,43940.90130164767
NM,2011,90552.3,2080.707,43519.96701121302
NM,2012,90762.4,2087.715,43474.516397113584
NM,2013,90104.0,2092.833,43053.602461352624
NM,2014,92621.1,2090.236,44311.312215462756
NM,2015,93503.9,2090.071,44737.18835388846
NM,2016,93043.5,2092.555,44464.06426593327
NM,2017,93210.1,2092.844,44537.528836358564
NM,2018,96077.0,2093.754,45887.43472251277
NM,2019,100342.2,2099.634,47790.329171655634
NM,2020,98004.0,2118.606,46258.71917666616
NM,2021,101499.2,2117.333,47937.28714377946
NM,2022,104212.8,2113.868,49299.57783551291
NM,2023,114059.2,2121.164,53771.98557018693
NM,2024,119044.5,2130.256,55882.7201988869
NY,1997,1085934.4,18143.184,59853.57366160206
NY,1998,1112323.6,18159.175,61254.08230274779
NY,1999,1172149.8,18196.601,64415.865358590876
NY,2000,1217036.4,19001.78,64048.54703085712
NY,2001,1240755.2,19082.838,65019.42740382746
NY,2002,1228580.8,19137.8,64196.55341784322
NY,2003,1236563.1,19175.939,64485.13942394164
NY,2004,1269433.1,19171.567,66214.36317646857
NY,2005,1301438.0,19132.61,68021.97922813459
NY,2006,1339568.5,19104.631,70117.47570523607
NY,2007,1353798.9,19132.335,70759.73214978726
NY,2008,1328095.7,19212.436,69126.87698738462
NY,2009,1379504.6,19307.066,71450.76315583114
NY,2010,1431624.0,19399.956,73795.21891699136
NY,2011,1440346.8,19499.921,73864.23770639893
NY,2012,1496280.1,19574.362,76440.81068900228
NY,2013,1501818.0,19626.488,76519.9560919916
NY,2014,1535375.9,19653.431,78122.53748467634
NY,2015,1565835.2,19657.321,79656.59206562278
NY,2016,1590567.8,19636.391,81001.02508653449
NY,2017,1624800.7,19593.849,82924.01865503813
NY,2018,1665186.8,19544.098,85201.51710250326
NY,2019,1704364.3,19463.131,87568.8654615745
NY,2020,1667234.8,20105.171,82925.67121164998
NY,2021,1750551.2,19848.276,88196.6373301137
NY,2022,1781554.1,19703.747,90417.02068139629
NY,2023,1793384.5,19737.367,90862.3982114737
NY,2024,1840059.3,19867.248,92617.7244075274
NC,1997,340580.3,7428.672,45846.72738276774
NC,1998,351977.9,7545.828,46645.36482941302
NC,1999,372030.3,7650.789,48626.39657164771
NC,2000,384115.3,8081.614,47529.528136335146
NC,2001,387433.9,8210.122,47189.78597394777
NC,2002,393685.9,8326.201,47282.77638265039
NC,2003,404582.5,8422.501,48035.90999870466
NC,2004,420579.4,8553.152,49172.4454329819
NC,2005,442305.6,8705.407,50808.14716646793
NC,2006,470663.9,8917.27,52781.16508752118
NC,2007,477920.8,9118.037,52414.87833400983
NC,2008,492688.8,9309.449,52923.518889248975
NC,2009,473610.5,9449.566,50119.815026425546
NC,2010,482030.4,9574.586,50344.77730943145
NC,2011,484200.3,9658.913,50129.89556899415
NC,2012,488126.5,9751.81,50054.96415537218
NC,2013,497456.6,9846.717,50520.04642765705
NC,2014,509782.4,9937.295,51299.91612405589
NC,2015,525229.1,10037.218,52328.15507245134
NC,2016,536308.5,10161.802,52776.90905609064
NC,2017,546810.1,10275.758,53213.602344469386
NC,2018,556573.7,10391.358,53561.2092278988
NC,2019,567975.0,10501.384,54085.728128787596
NC,2020,564278.8,10449.652,53999.769561704066
NC,2021,599293.8,10564.32,56728.099868235724
NC,2022,620666.5,10710.793,57947.763531607794
NC,2023,643045.8,10881.189,59097.01596029625
NC,2024,664131.6,11046.024,60124.0410124041
ND,1997,22695.3,640.945,35409.12246760642
ND,1998,23971.3,637.808,37583.88104257081
ND,1999,24069.6,633.666,37984.6796261753
ND,2000,24990.2,642.023,38924.15069242068
ND,2001,25329.8,639.062,39635.90387161183
ND,2002,26592.1,638.168,41669.435007709566
ND,2003,28326.7,638.817,44342.43296593547
ND,2004,28636.2,644.705,44417.524294056966
ND,2005,29629.0,646.089,45859.00704082564
ND,2006,30911.4,649.422,47598.325895950555
ND,2007,32529.0,652.822,49828.28397327296
ND,2008,35030.4,657.569,53272.584321949485
ND,2009,35971.3,664.968,54094.783508379354
ND,2010,38697.4,674.752,57350.552499288635
ND,2011,43300.4,685.526,63163.76038253838
ND,2012,53326.8,702.227,75939.54661384424
ND,2013,54690.9,723.149,75628.81231945283
ND,2014,60193.0,738.736,81481.07036884625
ND,2015,58694.5,755.537,77685.80493079756
ND,2016,54756.0,756.114,72417.65130654901
ND,2017,56530.2,756.755,74700.79484113088
ND,2018,58516.4,760.062,76988.98247774523
ND,2019,59408.5,763.724,77787.91814844105
ND,2020,56602.8,779.563,72608.37161332695
ND,2021,57351.3,777.966,73719.54558425433
ND,2022,57031.1,781.057,73017.84632875705
ND,2023,62114.7,789.047,78721.166166274
ND,2024,63366.4,796.568,79549.26635265288
OH,1997,501214.2,11212.498,44701.38589991276
OH,1998,518604.0,11237.752,46148.375582589826
OH,1999,530745.6,11256.654,47149.49930947509
OH,2000,541005.9,11363.543,47608.91035480748
OH,2001,534612.4,11387.404,46947.69764908666
OH,2002,546688.2,11407.889,47921.942438254795
OH,2003,557024.5,11434.788,48713.14623410596
OH,2004,572308.5,11452.251,49973.45063429015
OH,2005,584867.7,11463.32,51020.79502273338
OH,2006,582637.6,11481.213,50747.042146156506
OH,2007,585403.0,11500.468,50902.537183704175
OH,2008,580389.0,11515.391,50401.15442020162
OH,2009,550982.4,11528.896,47791.427730807874
OH,2010,563816.3,11539.449,48859.89790327077
OH,2011,580251.4,11545.735,50256.774471265795
OH,2012,586540.9,11550.971,50778.49299422534
OH,2013,603057.4,11579.692,52078.88085451669
OH,2014,624973.4,11606.573,53846.505768757066
OH,2015,633274.8,11622.315,54487.83654547308
OH,2016,638157.5,11640.06,54824.24489220846
OH,2017,652187.5,11665.706,55906.38920610549
OH,2018,656212.0,11680.892,56178.24392178268
OH,2019,674063.9,11696.507,57629.504261400434
OH,2020,655730.1,11798.905,55575.50467606951
OH,2021,691630.0,11767.344,58775.37021098389
OH,2022,694473.4,11777.874,58964.24091478649
OH,2023,707996.2,11824.034,59877.72024336195
OH,2024,721997.3,11883.304,60757.286020790176
OK,1997,111864.6,3314.259,33752.522056966576
OK,1998,114928.1,3339.478,34414.98940852433
OK,1999,116968.4,3358.044,34832.30118485642
OK,2000,121170.2,3454.365,35077.41654399579
OK,2001,125695.7,3467.1,36253.8432695913
OK,2002,127930.2,3489.08,36665.883270088394
OK,2003,130147.8,3504.892,37133.184132349874
OK,2004,134606.6,3525.233,38183.745585043594
OK,2005,140360.1,3548.597,39553.688401359745
OK,2006,149367.1,3594.09,41559.087279394786
OK,2007,152879.6,3634.349,42065.19516975392
OK,2008,158987.8,3668.976,43333.01716882313
OK,2009,156856.8,3717.572,42193.345549191785
OK,2010,158086.4,3760.014,42044.098771972655
OK,2011,163859.3,3788.824,43248.06325128853
OK,2012,172016.0,3819.32,45038.38379606841
OK,2013,176086.8,3853.891,45690.653939096876
OK,2014,186574.4,3879.187,48096.26346963939
OK,2015,193792.6,3910.518,49556.759488129195
OK,2016,190093.5,3928.143,48392.71380904412
OK,2017,192538.6,3933.602,48947.1481863188
OK,2018,196030.5,3943.488,49709.92684648717
OK,2019,200072.2,3960.676,50514.65961871156
OK,2020,191377.0,3965.415,48261.53126469739
OK,2021,194991.2,3992.238,48842.57902459723
OK,2022,194170.9,4026.229,48226.49183640573
OK,2023,207072.7,4063.882,50954.40763289879
OK,2024,210315.9,4095.393,51354.26563458012
OR,1997,124840.6,3243.254,38492.39066690429
OR,1998,130425.1,3282.055,39738.852639581
OR,1999,133761.7,3316.154,40336.395716242376
OR,2000,145094.2,3429.708,42305.11752020872
OR,2001,144486.5,3467.937,41663.53079655138
OR,2002,147432.8,3513.424,41962.71215771282
OR,2003,154445.3,3547.376,43537.89956294455
OR,2004,163046.1,3569.463,45678.047370150634
OR,2005,168734.4,3613.202,46699.4095541849
OR,2006,177222.4,3670.883,48277.866660419306
OR,2007,180724.3,3722.417,48550.25645971421
OR,2008,184842.6,3768.748,49046.155381044315
OR,2009,176951.6,3808.6,46461.06180748832
OR,2010,180738.2,3837.614,47096.503191827
OR,2011,185959.4,3872.672,48018.3707786252
OR,2012,187352.4,3900.102,48037.820549308715
OR,2013,189609.7,3924.11,48319.1602681882
OR,2014,195808.2,3965.447,49378.59464519384
OR,2015,205581.8,4018.542,51158.30567404795
OR,2016,214769.3,4093.271,52468.869029194495
OR,2017,225534.5,4147.294,54381.121762768686
OR,2018,234308.3,4183.538,56007.21207743303
OR,2019,239794.8,4216.116,56875.75958536245
OR,2020,236651.4,4243.779,55764.30817910169
OR,2021,250919.9,4254.28,58980.579557527955
OR,2022,254237.5,4247.372,59857.60135914631
OR,2023,258023.4,4253.653,60659.24982597311
OR,2024,263347.7,4272.371,61639.70778754935
PA,1997,521711.8,12015.888,43418.49724298362
PA,1998,534933.6,12002.329,44569.149870829235
PA,1999,552163.6,11994.016,46036.59024633617
PA,2000,566250.9,12284.173,46095.97243542565
PA,2001,577677.5,12298.97,46969.583631800066
PA,2002,583507.4,12331.031,47320.24434939787
PA,2003,598809.5,12374.658,48389.98378783478
PA,2004,614957.1,12410.722,49550.4693441687
PA,2005,626290.1,12449.99,50304.466108004905
PA,2006,626589.9,12510.809,50083.88346429076
PA,2007,649638.1,12563.937,51706.57095781362
PA,2008,665148.3,12612.285,52738.12794430192
PA,2009,645206.7,12666.858,50936.60164185941
PA,2010,666805.8,12711.406,52457.28127950598
PA,2011,676468.3,12747.052,53068.607549416134
PA,2012,689007.0,12769.123,53958.834917636865
PA,2013,704195.0,12779.538,55103.322201475516
PA,2014,718691.6,12792.392,56181.17393525777
PA,2015,734145.1,12789.838,57400.65667759044
PA,2016,744847.1,12788.468,58243.653579146456
PA,2017,754318.0,12794.679,58955.601777895325
PA,2018,763855.4,12809.107,59633.774626131235
PA,2019,771852.5,12798.883,60306.239224157296
PA,2020,738176.1,12996.143,56799.62893606203
PA,2021,766140.0,13015.571,58863.34145463153
PA,2022,776824.7,12984.99,59824.82081233794
PA,2023,789918.5,13017.721,60680.245029064616
PA,2024,803232.5,13078.751,61415.07702073386
RI,1997,43434.7,986.966,44008.30423743067
RI,1998,45381.3,987.704,45946.25515336579
RI,1999,46831.2,990.819,47265.14126192574
RI,2000,49113.6,1050.268,46762.92146385494
RI,2001,49705.2,1057.142,47018.470555516666
RI,2002,51284.3,1065.995,48109.32509064302
RI,2003,52933.1,1071.342,49408.2188507498
RI,2004,55160.5,1074.579,51332.19614379213
RI,2005,55885.9,1067.916,52331.737702216284
RI,2006,57415.8,1063.096,54008.10463024976
RI,2007,56230.5,1057.315,53182.35341407244
RI,2008,54977.1,1055.003,52110.84707815997
RI,2009,54481.5,1053.646,51707.59439128512
RI,2010,56050.6,1053.994,53179.24010952625
RI,2011,56026.6,1053.829,53164.79239041628
RI,2012,56487.4,1054.893,53547.99017530688
RI,2013,57037.2,1055.56,54035.014589412254
RI,2014,57602.7,1056.511,54521.628265110354
RI,2015,58387.9,1056.886,55245.22039273867
RI,2016,58630.0,1057.816,55425.51823757629
RI,2017,58771.6,1056.554,55625.74179833685
RI,2018,58740.1,1059.338,55449.818660333156
RI,2019,60157.6,1058.158,56851.24527717033
RI,2020,58132.3,1096.53,53014.782997273214
RI,2021,60660.0,1097.246,55283.86524079376
RI,2022,61517.3,1099.498,55950.35188786155
RI,2023,62119.3,1103.429,56296.599056214756
RI,2024,63459.1,1112.308,57051.73387227279
SC,1997,144972.7,3790.066,38250.705924382324
SC,1998,150732.6,3839.578,39257.595496171714
SC,1999,157645.5,3885.736,40570.306371817336
SC,2000,161880.2,4024.223,40226.44868338559
SC,2001,162837.1,4064.995,40058.376455567595
SC,2002,167333.0,4107.795,40735.47974034731
SC,2003,174270.8,4150.297,41989.95879090099
SC,2004,177169.4,4210.921,42073.788608240335
SC,2005,183267.5,4270.15,42918.28155919581
SC,2006,187386.1,4357.847,42999.69686866015
SC,2007,193386.6,4444.11,43515.25952327913
SC,2008,192497.1,4528.996,42503.26120844443
SC,2009,184081.3,4589.872,40105.97681155378
SC,2010,188777.2,4635.846,40721.19738231167
SC,2011,193221.0,4672.655,41351.43724499241
SC,2012,195406.1,4719.027,41408.133498706404
SC,2013,200147.3,4766.469,41990.68534800079
SC,2014,206077.9,4826.858,42694.00508571
SC,2015,213212.4,4896.006,43548.2309457954
SC,2016,220559.3,4963.031,44440.443753021085
SC,2017,224937.6,5027.102,44744.98428716983
SC,2018,231663.3,5091.702,45498.20472604249
SC,2019,239021.3,5157.702,46342.59598557652
SC,2020,233294.4,5132.249,45456.562999963564
SC,2021,245812.0,5194.274,47323.64907973664
SC,2022,256608.5,5287.935,48527.16608657254
SC,2023,266037.8,5387.83,49377.54160766023
SC,2024,278032.8,5478.831,50746.7377621248
SD,1997,27116.2,730.855,37102.02434135362
SD,1998,28772.1,730.789,39371.282271626966
SD,1999,30038.3,733.133,40972.5111269033
SD,2000,32124.9,755.844,42502.02422722149
SD,2001,32396.9,757.972,42741.552458402155
SD,2002,35776.0,760.02,47072.44546196153
SD,2003,36141.9,763.729,47322.937848372916
SD,2004,37616.6,770.396,48827.615927393184
SD,2005,39330.6,775.493,50716.89879857071
SD,2006,39961.6,783.033,51034.37530729867
SD,2007,41646.2,791.623,52608.628096960296
SD,2008,43278.5,799.124,54157.427382984366
SD,2009,44255.8,807.067,54835.348242463144
SD,2010,44810.7,816.193,54902.08810906244
SD,2011,47630.3,823.74,57822.00694393862
SD,2012,48653.9,833.859,58347.87416097925
SD,2013,48610.1,842.751,57680.26380271278
SD,2014,49640.9,849.67,58423.74098179294
SD,2015,50860.8,854.663,59509.77168778805
SD,2016,51264.3,863.693,59354.770734508675
SD,2017,51615.1,873.732,59074.292803743025
SD,2018,51937.8,879.386,59061.436047424
SD,2019,52510.2,887.127,59191.299554629724
SD,2020,53349.2,887.948,60081.446210814145
SD,2021,56015.4,896.492,62482.877705545616
SD,2022,55257.2,909.723,60740.687000328675
SD,2023,57253.0,918.305,62346.38818257551
SD,2024,57718.0,924.669,62420.17413798884
TN,1997,226832.8,5378.433,42174.514398524625
TN,1998,240963.4,5432.679,44354.43360448869
TN,1999,248457.5,5483.535,45309.73176974343
TN,2000,251030.2,5703.719,44011.67028039074
TN,2001,250311.4,5750.789,43526.44480609531
TN,2002,258542.4,5795.918,44607.67043288052
TN,2003,267589.4,5847.812,45758.892385733336
TN,2004,281564.2,5910.809,47635.475955998576
TN,2005,289064.3,5991.057,48249.2989133637
TN,2006,295668.2,6088.766,48559.62603916787
TN,2007,294819.8,6175.727,47738.47678176189
TN,2008,298526.9,6247.411,47784.09808479065
TN,2009,287308.8,6306.019,45561.04255315437
TN,2010,292687.0,6355.518,46052.42247760135
TN,2011,301508.9,6400.298,47108.5721321101
TN,2012,311754.2,6455.752,48290.919477699885
TN,2013,318347.9,6496.943,48999.64490992148
TN,2014,323879.6,6544.617,49487.93794961569
TN,2015,335461.1,6595.354,50863.24403511926
TN,2016,343544.9,6651.277,51650.96867864622
TN,2017,355417.5,6714.748,52930.876929409715
TN,2018,362363.7,6778.18,53460.32415781227
TN,2019,370197.4,6830.325,54199.090087221324
TN,2020,368057.0,6927.904,53126.746559998515
TN,2021,401673.7,6965.74,57664.182125660736
TN,2022,415451.6,7062.217,58827.362569006305
TN,2023,428276.1,7148.304,59912.96676806135
TN,2024,440200.2,7227.75,60904.18179931514
TX,1997,860046.9,19355.427,44434.40591623218
TX,1998,920059.6,19712.389,46674.180384731655
TX,1999,957247.2,20044.141,47756.95800583323
TX,2000,989904.9,20944.499,47263.24081564329
TX,2001,1020517.0,21319.622,47867.49971458218
TX,2002,1042584.4,21690.325,48066.79475757048
TX,2003,1052132.3,22030.931,47757.0512113174
TX,2004,1111189.1,22394.023,49619.89634466304
TX,2005,1143413.1,22778.123,50197.86309872855
TX,2006,1225147.3,23359.58,52447.31711785914
TX,2007,1288828.7,23831.983,54079.79268867387
TX,2008,1287191.5,24309.039,52951.14710211292
TX,2009,1285560.2,24801.761,51833.424247576615
TX,2010,1323059.1,25241.897,52415.20080681733
TX,2011,1370174.9,25645.504,53427.489668364484
TX,2012,1438354.4,26084.12,55142.914539574274
TX,2013,1511806.5,26479.646,57093.15373778033
TX,2014,1559636.1,26963.092,57843.36974409315
TX,2015,1634127.1,27468.531,59490.880673597
TX,2016,1633863.3,27914.064,58531.903487790245
TX,2017,1667313.0,28291.024,58934.34610214179
TX,2018,1746543.3,28624.564,61015.5424550746
TX,2019,1806736.1,28986.794,62329.62845080418
TX,2020,1782738.2,29239.57,60970.05530519088
TX,2021,1905512.4,29570.351,64439.965558744974
TX,2022,1975164.0,30113.488,65590.67484975503
TX,2023,2137536.7,30727.89,69563.40640375894
TX,2024,2221943.3,31290.831,71009.40527913753
UT,1997,86283.5,2065.397,41775.74577671992
UT,1998,91312.7,2100.562,43470.60453345343
UT,1999,95206.8,2129.836,44701.4699723359
UT,2000,98648.5,2244.502,43951.17491541553
UT,2001,100244.3,2283.715,43895.275899138025
UT,2002,102828.1,2324.815,44230.659213743886
UT,2003,104829.2,2360.137,44416.574122603895
UT,2004,111318.9,2401.58,46352.359696533116
UT,2005,118430.2,2457.719,48187.03846941005
UT,2006,127539.4,2525.507,50500.513362267455
UT,2007,133799.8,2597.746,51506.11337675045
UT,2008,133662.9,2663.029,50192.05573803365
UT,2009,130958.6,2723.421,48086.06528333299
UT,2010,133739.1,2775.413,48187.0986408149
UT,2011,138301.1,2814.797,49133.596490261996
UT,2012,140622.5,2854.146,49269.55383501755
UT,2013,145026.9,2898.773,50030.443915408345
UT,2014,150076.3,2938.327,51075.42489314497
UT,2015,155431.5,2983.626,52094.833601798615
UT,2016,162528.2,3044.241,53388.742875481934
UT,2017,172075.0,3103.54,55444.75018849443
UT,2018,182106.0,3155.153,57717.0108707882
UT,2019,192760.6,3203.383,60174.07222302173
UT,2020,195323.2,3284.077,59475.828368214265
UT,2021,211289.5,3339.738,63265.29206782089
UT,2022,217848.8,3391.011,64243.0236882157
UT,2023,226322.1,3443.222,65729.74382714795
UT,2024,234300.6,3503.613,66873.99550121547
VT,1997,21372.2,588.665,36306.21830752635
VT,1998,22266.5,590.579,37702.83061199264
VT,1999,23561.7,593.74,39683.53151210968
VT,2000,24844.6,609.618,40754.374050634986
VT,2001,25681.8,612.223,41948.4403558834
VT,2002,26522.8,615.442,43095.531341702386
VT,2003,27548.1,617.858,44586.458377167575
VT,2004,28989.2,619.92,46762.80810427152
VT,2005,29283.2,621.215,47138.5913089671
VT,2006,29420.9,622.892,47232.74660775864
VT,2007,29296.6,623.481,46988.76148591537
VT,2008,30168.6,624.151,48335.418832942676
VT,2009,29565.7,624.817,47318.974995878794
VT,2010,30890.6,625.886,49354.994359995275
VT,2011,31663.6,627.197,50484.29759708672
VT,2012,31898.1,626.361,50926.06340433073
VT,2013,31494.6,626.603,50262.44687625179
VT,2014,31847.7,625.693,50899.88221060488
VT,2015,32042.9,625.81,51202.28184273183
VT,2016,32312.7,624.366,51752.81805863868
VT,2017,32589.2,625.132,52131.70978289386
VT,2018,32827.8,624.802,52541.125028409006
VT,2019,33339.4,624.046,53424.58729003951
VT,2020,32408.7,642.977,50404.135762243444
VT,2021,33584.3,647.21,51890.885493116606
VT,2022,34915.9,648.142,53870.75671689228
VT,2023,35499.4,648.708,54723.23449071077
VT,2024,36398.9,648.493,56128.43932008518
VA,1997,319992.6,6732.878,47526.86741093482
VA,1998,338931.5,6789.225,49921.97194819732
VA,1999,356391.8,6872.912,51854.55597278126
VA,2000,372914.1,7105.817,52480.11593881463
VA,2001,386444.7,7198.362,53685.08835760135
VA,2002,390242.4,7286.873,53554.1651405205
VA,2003,404522.2,7366.977,54910.20265164395
VA,2004,421744.4,7475.575,56416.31580179451
VA,2005,442089.5,7577.105,58345.43668063199
VA,2006,451263.1,7673.725,58806.26423282043
VA,2007,457568.9,7751.0,59033.53115727003
VA,2008,462034.7,7833.496,58981.92837527459
VA,2009,460075.3,7925.937,58046.8025420843
VA,2010,475699.3,8024.004,59284.52926992559
VA,2011,479571.4,8102.437,59188.537967033866
VA,2012,483041.4,8187.456,58997.739957320075
VA,2013,488741.3,8255.861,59199.31306983002
VA,2014,488918.6,8315.43,58796.550509113775
VA,2015,498943.6,8367.303,59630.158009098035
VA,2016,505107.7,8417.651,60005.778334121955
VA,2017,515167.2,8471.011,60815.31472453524
VA,2018,527767.5,8510.92,62010.62869819009
VA,2019,541028.0,8556.642,63229.009697963294
VA,2020,535224.4,8637.615,61964.37326738921
VA,2021,565790.7,8658.91,65342.023418652
VA,2022,579301.8,8683.414,66713.59905217003
VA,2023,599261.0,8734.685,68607.05337399116
VA,2024,613708.7,8811.195,69651.01782448351
WA,1997,281522.2,5604.105,50234.99738138383
WA,1998,299817.0,5687.832,52711.99993248745
WA,1999,322721.6,5756.361,56063.474823764525
WA,2000,325857.6,5910.512,55131.873516203
WA,2001,317860.6,5985.722,53103.13442555468
WA,2002,321977.1,6052.349,53198.70020714271
WA,2003,327645.2,6104.115,53676.11848728276
WA,2004,335449.3,6178.645,54291.72577482603
WA,2005,358396.3,6257.305,57276.46326973034
WA,2006,372145.0,6370.753,58414.60185318753
WA,2007,394221.9,6461.587,61010.073840992925
WA,2008,401093.2,6562.231,61121.469207652095
WA,2009,390814.0,6667.426,58615.423703240194
WA,2010,403471.3,6743.009,59835.49777258194
WA,2011,411575.7,6827.479,60282.235946826055
WA,2012,426447.0,6898.599,61816.46447343873
WA,2013,439472.2,6966.252,63085.88893999241
WA,2014,456186.5,7057.531,64638.256636775666
WA,2015,476715.4,7167.287,66512.67069394598
WA,2016,495724.9,7299.961,67907.88334348635
WA,2017,527169.4,7427.951,70971.03898504446
WA,2018,561785.7,7526.793,74638.12277021569
WA,2019,588794.4,7614.024,77330.25270211913
WA,2020,587167.8,7727.209,75987.047846124
WA,2021,626122.2,7743.76,80855.06265690053
WA,2022,643017.6,7794.123,82500.31466016125
WA,2023,670977.8,7857.32,85395.24927074372
WA,2024,702232.3,7958.18,88240.31374007625
WV,1997,60364.6,1815.588,33247.96154193573
WV,1998,61725.7,1811.688,34070.822349102054
WV,1999,63691.7,1806.928,35248.6097951883
WV,2000,63364.6,1807.021,35065.77953438283
WV,2001,63599.8,1801.481,35304.174731790124
WV,2002,64465.7,1805.414,35706.87941934648
WV,2003,65106.8,1812.295,35925.0563512011
WV,2004,66077.6,1816.438,36377.56972712529
WV,2005,67888.8,1820.492,37291.45747413336
WV,2006,68900.0,1827.912,37693.28063933056
WV,2007,69374.1,1834.052,37825.59055032246
WV,2008,70966.8,1840.31,38562.416114676336
WV,2009,70886.5,1847.775,38363.16651107413
WV,2010,71823.8,1854.265,38734.37723302764
WV,2011,73175.2,1856.606,39413.42428064974
WV,2012,73124.5,1857.446,39368.304650579346
WV,2013,73949.0,1854.768,39869.67642314295
WV,2014,74111.3,1850.569,40047.84474396794
WV,2015,74261.4,1843.332,40286.50291971278
WV,2016,73513.3,1832.435,40117.82136883437
WV,2017,75172.4,1818.683,41333.42644100154
WV,2018,77406.5,1805.953,42861.85742375355
WV,2019,77162.2,1795.263,42981.00055535039
WV,2020,74729.6,1791.646,41710.025306338415
WV,2021,76230.8,1785.618,42691.54992837214
WV,2022,77549.1,1774.122,43711.25548299384
WV,2023,80364.9,1770.495,45391.204154770276
WV,2024,82716.5,1769.979,46733.040335506805
WI,1997,222978.5,5200.235,42878.54298892262
WI,1998,232087.1,5222.124,44443.04654581163
WI,1999,242026.0,5250.446,46096.27448791969
WI,2000,248572.0,5373.999,46254.56759482092
WI,2001,252941.8,5406.835,46781.86036747931
WI,2002,257966.9,5445.162,47375.43162168545
WI,2003,265745.8,5479.203,48500.812983202115
WI,2004,275412.4,5514.026,49947.60634063024
WI,2005,282065.7,5546.166,50857.781754098236
WI,2006,287146.6,5577.655,51481.5993459617
WI,2007,289855.2,5610.775,51660.456888754234
WI,2008,286204.7,5640.996,50736.554324803634
WI,2009,277279.4,5669.264,48909.24112900722
WI,2010,287652.9,5690.538,50549.33294532081
WI,2011,293664.0,5705.84,51467.26862302483
WI,2012,299007.6,5720.825,52266.517504031326
WI,2013,301550.5,5738.012,52553.131642108805
WI,2014,309425.8,5753.199,53783.26040868741
WI,2015,315687.8,5762.927,54779.073203599495
WI,2016,319272.3,5775.17,55283.61935665963
WI,2017,321886.8,5793.147,55563.37513962618
WI,2018,328832.4,5809.319,56604.29389400031
WI,2019,333256.8,5824.581,57215.5834041968
WI,2020,324014.4,5897.375,54942.13951122321
WI,2021,334848.6,5881.608,56931.47180158895
WI,2022,341875.2,5903.975,57905.93625481137
WI,2023,347108.2,5930.405,58530.26901198148
WI,2024,354382.1,5960.975,59450.358372581664
WY,1997,24257.7,480.031,50533.611370932296
WY,1998,24804.7,480.045,51671.61411950963
WY,1999,25866.8,479.602,53933.886847844675
WY,2000,26614.2,494.3,53842.20109245397
WY,2001,28338.1,494.657,57288.383667874914
WY,2002,28901.3,500.017,57800.63477841754
WY,2003,29806.6,503.453,59204.334863433134
WY,2004,30780.1,509.106,60459.11853327205
WY,2005,32463.1,514.157,63138.496607067485
WY,2006,36655.6,522.667,70131.84302816133
WY,2007,39504.8,534.876,73857.86612224142
WY,2008,41641.2,546.043,76259.92824740909
WY,2009,40599.6,559.851,72518.5808366869
WY,2010,39135.8,564.531,69324.44808168197
WY,2011,38929.8,567.491,68599.85444703088
WY,2012,38085.0,576.656,66044.57423489915
WY,2013,38408.7,582.62,65924.10147265799
WY,2014,39287.2,583.159,67369.61960631663
WY,2015,40063.9,586.389,68323.07563750343
WY,2016,37853.5,585.243,64679.97054215086
WY,2017,37620.3,579.994,64863.257206109025
WY,2018,37977.2,579.054,65584.90227163615
WY,2019,38577.1,580.116,66498.94159099215
WY,2020,36463.5,577.681,63120.47652597194
WY,2021,37182.6,579.636,64148.18955344389
WY,2022,37690.6,581.978,64762.92918289008
WY,2023,39843.2,585.067,68100.23467397751
WY,2024,39780.7,587.618,67698.23252521195
