state,year,suicide_rate,hpi_growth,log_suicide
AK,1999,16.8,,2.8213788864092133
AK,2000,21.5,2.064982791810066,3.068052935133617
AK,2001,15.9,5.412356403954965,2.766319109226186
AK,2002,20.8,4.857948384298427,3.0349529867072724
AK,2003,20.3,8.634953464322637,3.0106208860477417
AK,2004,23.0,9.447881960970973,3.1354942159291497
AK,2005,19.9,13.307240704501,2.990719731730447
AK,2006,19.9,6.751103435041239,2.990719731730447
AK,2007,22.6,1.8803480261738723,3.1179499062782403
AK,2008,24.4,-0.2752584959593518,3.194583132299156
AK,2009,20.0,-0.6511199971690362,2.995732273553991
AK,2010,22.8,0.3027604630454261,3.126760535960395
AK,2011,20.0,0.7492897727272574,2.995732273553991
AK,2012,23.0,0.8811814881392932,3.1354942159291497
AK,2013,23.2,2.686838335487929,3.1441522786722644
AK,2014,22.1,2.228649200408306,3.095577608523707
AK,2015,26.9,3.158595440173073,3.292126286607793
AK,2016,25.8,1.1615151319610328,3.250374491927572
AK,2017,27.0,1.9423359061044865,3.295836866004329
AK,2018,28.5,0.40359165284862275,3.349904087274605
AK,2019,28.8,2.9010345257385106,3.3603753871419
AK,2020,27.4,4.263695000454226,3.3105430133940246
AK,2021,26.8,10.926200226540029,3.288401887516811
AK,2022,27.0,8.616762233917207,3.295836866004329
AL,1999,12.5,,2.525728644308256
AL,2000,13.1,3.3035066505441524,2.5726122302071057
AL,2001,11.4,5.262665043543402,2.4336133554004498
AL,2002,11.5,3.376034160661856,2.4423470353692043
AL,2003,11.4,3.21414741190138,2.4336133554004498
AL,2004,11.7,5.03585125896282,2.4595888418037104
AL,2005,11.5,8.040958882362293,2.4423470353692043
AL,2006,12.4,7.413121739769291,2.517696472610991
AL,2007,12.4,3.0266757865937244,2.517696472610991
AL,2008,12.6,0.0298755186721955,2.533696813957432
AL,2009,13.7,-3.029800225658718,2.617395832834079
AL,2010,14.0,-2.402381848670465,2.6390573296152584
AL,2011,13.2,-2.4404782776394573,2.580216829592325
AL,2012,14.7,-0.9057254789203272,2.6878474937846906
AL,2013,14.4,-1.3637517681621911,2.667228206581955
AL,2014,14.5,2.467365324508197,2.6741486494265287
AL,2015,14.9,2.6160912940500936,2.7013612129514133
AL,2016,15.7,2.888616891064877,2.7536607123542622
AL,2017,16.6,3.4023316678563065,2.8094026953624978
AL,2018,16.9,3.681546249424761,2.8273136219290276
AL,2019,16.4,6.042736668568893,2.797281334830153
AL,2020,16.0,6.822530495096868,2.772588722239781
AL,2021,16.8,17.458718164007834,2.8213788864092133
AL,2022,17.2,11.606462066336242,2.8449093838194073
AR,1999,12.6,,2.533696813957432
AR,2000,13.0,3.4801862155104057,2.5649493574615367
AR,2001,14.3,5.244966258846762,2.660259537265861
AR,2002,14.0,3.690767867382561,2.6390573296152584
AR,2003,13.6,4.187823638831634,2.6100697927420065
AR,2004,13.0,6.441806601042277,2.5649493574615367
AR,2005,14.3,7.4844734575456595,2.660259537265861
AR,2006,13.3,4.900885702235347,2.5877640352277083
AR,2007,14.2,1.853489868124813,2.653241964607215
AR,2008,15.5,-1.0026447716417364,2.740840023925201
AR,2009,14.5,-2.400414689580921,2.6741486494265287
AR,2010,15.5,-1.1561874412714055,2.740840023925201
AR,2011,16.0,-0.9217161279656104,2.772588722239781
AR,2012,16.3,0.7383922239372565,2.791165107812717
AR,2013,17.3,0.5631936392247905,2.8507065015037334
AR,2014,17.3,2.5860648986987256,2.8507065015037334
AR,2015,19.1,2.557000642260765,2.9496883350525844
AR,2016,18.2,2.493248268033965,2.9014215940827497
AR,2017,20.8,3.5056900633926524,3.0349529867072724
AR,2018,18.8,3.6415289256198413,2.9338568698359038
AR,2019,18.8,4.04043999857604,2.9338568698359038
AR,2020,17.8,5.56696092520359,2.8791984572980396
AR,2021,18.5,17.83294979418535,2.917770732084279
AR,2022,19.0,12.581488103424565,2.9444389791664403
AZ,1999,15.5,,2.740840023925201
AZ,2000,15.6,6.364478287713515,2.747270914255491
AZ,2001,14.8,6.327093310114651,2.694627180770069
AZ,2002,16.6,5.654883763250074,2.8094026953624978
AZ,2003,15.5,7.311401997933165,2.740840023925201
AZ,2004,15.8,16.13433913811091,2.760009940032921
AZ,2005,16.4,35.711571018899214,2.797281334830153
AZ,2006,16.3,7.782784694111355,2.791165107812717
AZ,2007,16.5,-5.083144368858661,2.803360380906535
AZ,2008,15.5,-18.507366115867,2.740840023925201
AZ,2009,16.7,-14.856322716584735,2.815408719422709
AZ,2010,17.0,-8.589771178538118,2.833213344056216
AZ,2011,17.8,-7.568564366147445,2.87919845729804
AZ,2012,17.3,8.048221410985645,2.8507065015037334
AZ,2013,17.5,13.267070008643046,2.862200880929469
AZ,2014,18.0,6.551975304359892,2.8903717578961645
AZ,2015,18.2,6.536458333333339,2.9014215940827497
AZ,2016,17.7,6.697628941579081,2.873564639579784
AZ,2017,18.2,7.5114547537227905,2.9014215940827497
AZ,2018,19.1,7.8683110033827885,2.9496883350525844
AZ,2019,18.5,6.659752574264743,2.917770732084279
AZ,2020,17.8,10.077788581747482,2.8791984572980396
AZ,2021,18.2,28.32986308284433,2.9014215940827497
AZ,2022,18.5,9.943130602946738,2.917770732084279
CA,1999,9.6,,2.26176309847379
CA,2000,9.1,14.168000000000005,2.2082744135228043
CA,2001,8.5,10.82615093546353,2.1400661634962708
CA,2002,9.6,13.372534142640369,2.26176309847379
CA,2003,9.9,14.6422396966148,2.2925347571405443
CA,2004,9.7,25.488288375939483,2.272125885509337
CA,2005,9.1,21.19126996433556,2.2082744135228043
CA,2006,9.3,2.760495801679319,2.2300144001592104
CA,2007,9.9,-10.46676316321925,2.2925347571405443
CA,2008,10.3,-22.7427597955707,2.33214389523559
CA,2009,10.2,-7.224984812006396,2.322387720290225
CA,2010,10.3,-1.5885719829258904,2.33214389523559
CA,2011,10.4,-5.0274786208936,2.341805806147327
CA,2012,10.0,3.5135065002465327,2.302585092994046
CA,2013,10.2,15.760447218670867,2.322387720290225
CA,2014,10.5,8.259344276495305,2.3513752571634776
CA,2015,10.3,7.40918546967515,2.33214389523559
CA,2016,10.5,6.629916567342065,2.3513752571634776
CA,2017,10.5,6.696241441944961,2.3513752571634776
CA,2018,11.5,4.945162874447551,2.4423470353692043
CA,2019,11.1,3.423749434574397,2.4069451083182885
CA,2020,10.5,5.433897384852071,2.3513752571634776
CA,2021,10.8,19.217840335293033,2.379546134130174
CA,2022,11.0,6.7059416394701366,2.3978952727983707
CO,1999,13.7,,2.617395832834079
CO,2000,14.3,11.540768584796268,2.660259537265861
CO,2001,16.5,7.675760943605914,2.803360380906535
CO,2002,16.2,4.371712059665733,2.785011242238338
CO,2003,16.1,2.335151689156856,2.778819271990417
CO,2004,17.2,3.952741669004656,2.8449093838194077
CO,2005,17.2,5.178876660569154,2.8449093838194077
CO,2006,15.3,2.1953583851285874,2.72785282839839
CO,2007,16.6,0.1757616337462408,2.8094026953624978
CO,2008,16.1,-1.79630712674409,2.778819271990417
CO,2009,18.7,-2.419034654869268,2.928523523860541
CO,2010,16.8,-1.5548257723269954,2.8213788864092133
CO,2011,17.5,-2.3941666174647214,2.862200880929469
CO,2012,19.7,2.2714212261440325,2.9806186357439426
CO,2013,18.6,6.659963328798724,2.923161580719156
CO,2014,19.9,8.775578106804183,2.990719731730447
CO,2015,19.5,11.483265784711085,2.970414465569701
CO,2016,20.5,9.774556429486015,3.0204248861443626
CO,2017,20.3,8.387661160983928,3.0106208860477417
CO,2018,22.0,7.248549137168991,3.091042453358316
CO,2019,21.7,4.800215015230247,3.077312260546414
CO,2020,21.3,6.018225649267395,3.0587070727153796
CO,2021,21.8,19.893886371333203,3.0819099697950434
CO,2022,22.2,8.230546775169811,3.100092288878234
CT,1999,7.9,,2.066862759472976
CT,2000,8.8,8.353808353808345,2.174751721484161
CT,2001,8.1,9.12788395781594,2.091864061678393
CT,2002,7.3,10.188330749694895,1.9878743481543453
CT,2003,7.5,9.252274904214564,2.0149030205422647
CT,2004,8.2,12.490753171319756,2.1041341542702074
CT,2005,8.1,11.098933216425545,2.091864061678393
CT,2006,8.0,2.4750630275128804,2.079441541679836
CT,2007,7.3,-1.0546808146500108,1.9878743481543453
CT,2008,8.5,-6.296080084754929,2.1400661634962708
CT,2009,8.5,-5.235469207872812,2.1400661634962708
CT,2010,9.4,-0.9982955928901748,2.2407096892759584
CT,2011,9.8,-3.347270044269557,2.2823823856765264
CT,2012,9.9,-2.1043792462912547,2.2925347571405443
CT,2013,8.7,-1.905281763360378,2.163323025660538
CT,2014,9.8,1.0387132674421815,2.2823823856765264
CT,2015,9.9,0.8418347276494043,2.2925347571405443
CT,2016,10.1,1.4693644023717978,2.312535423847214
CT,2017,10.5,0.5817976779352474,2.3513752571634776
CT,2018,11.0,0.7083885434716164,2.3978952727983707
CT,2019,10.8,3.9193360659885546,2.379546134130174
CT,2020,10.4,6.5131114411628666,2.341805806147327
CT,2021,10.8,16.074612536003286,2.379546134130174
CT,2022,11.2,10.350939383197467,2.4159137783010487
DC,1999,5.1,,1.62924053973028
DC,2000,3.8,13.643617021276588,1.33500106673234
DC,2001,6.5,17.00210624853733,1.8718021769015916
DC,2002,5.2,15.224855818915216,1.6486586255873816
DC,2003,6.1,13.18713111908345,1.8082887711792652
DC,2004,5.5,22.974285568222477,1.7047480922384253
DC,2005,5.4,23.190604863853647,1.6863989535702288
DC,2006,5.2,5.672634012182165,1.6486586255873816
DC,2007,6.0,-0.1692506666240767,1.791759469228055
DC,2008,7.3,-7.853110055499579,1.9878743481543453
DC,2009,4.4,-2.117577630048784,1.4816045409242156
DC,2010,6.9,0.8352100437997612,1.9315214116032136
DC,2011,5.6,1.6073438379290872,1.7227665977411035
DC,2012,5.7,4.958634774481641,1.7404661748405046
DC,2013,5.7,8.505515888066228,1.7404661748405046
DC,2014,7.8,8.097141380830063,2.0541237336955462
DC,2015,4.9,6.936692488295915,1.589235205116581
DC,2016,5.2,5.597991138924319,1.6486586255873816
DC,2017,6.6,4.193174885770845,1.88706964903238
DC,2018,6.7,4.750923060378298,1.9021075263969205
DC,2019,7.2,3.5179376033764864,1.9740810260220096
DC,2020,6.6,4.51134447762509,1.8870696490323797
DC,2021,7.0,8.708075451008511,1.9459101490553132
DC,2022,7.5,3.0125506779693945,2.0149030205422647
DE,1999,11.0,,2.3978952727983707
DE,2000,10.4,6.73035511530482,2.341805806147327
DE,2001,13.5,7.432134996331619,2.602689685444384
DE,2002,9.1,8.72771972956361,2.2082744135228043
DE,2003,11.4,10.074744048740648,2.4336133554004498
DE,2004,11.0,15.192582025677616,2.3978952727983707
DE,2005,9.7,14.266253869969049,2.272125885509337
DE,2006,10.3,6.853798634442399,2.33214389523559
DE,2007,10.6,0.0040570420106744,2.360854001118021
DE,2008,11.9,-5.383476338262438,2.476538400117484
DE,2009,11.7,-5.601886590202598,2.4595888418037104
DE,2010,11.3,-2.6276344476744207,2.424802725718295
DE,2011,11.0,-4.981924198250731,2.3978952727983707
DE,2012,13.2,-1.4924274037163343,2.580216829592325
DE,2013,12.5,1.2484114524930812,2.525728644308256
DE,2014,13.2,1.4840519787359785,2.580216829592325
DE,2015,12.6,2.580332242027405,2.533696813957432
DE,2016,11.5,3.023712144495128,2.4423470353692043
DE,2017,11.6,1.38831520491991,2.451005098112319
DE,2018,12.9,3.2455921960935274,2.5572273113676265
DE,2019,13.4,4.213341517416747,2.5952547069568657
DE,2020,12.1,5.763688760806929,2.4932054526026954
DE,2021,13.0,16.495952584578056,2.5649493574615367
DE,2022,13.5,11.114335956840193,2.6026896854443837
FL,1999,12.2,,2.501435951739211
FL,2000,12.4,8.214031881409278,2.517696472610991
FL,2001,13.5,10.489772940514165,2.602689685444384
FL,2002,13.3,10.517153532608692,2.5877640352277083
FL,2003,12.8,12.08651888278458,2.5494451709255714
FL,2004,13.0,19.893744644387333,2.5649493574615367
FL,2005,12.5,27.50507447325536,2.525728644308256
FL,2006,12.6,7.652466367712996,2.533696813957432
FL,2007,13.2,-7.795805302730507,2.580216829592325
FL,2008,13.9,-22.04879150666365,2.631888840136646
FL,2009,14.4,-11.431800399895677,2.667228206581955
FL,2010,13.7,-5.234916895694286,2.617395832834079
FL,2011,13.9,-5.872807623256449,2.631888840136646
FL,2012,14.4,1.030700950005503,2.667228206581955
FL,2013,13.8,10.12198663955852,2.624668592163159
FL,2014,13.9,8.324541738098379,2.631888840136646
FL,2015,14.4,9.419606172200744,2.667228206581955
FL,2016,14.0,9.103805073431248,2.6390573296152584
FL,2017,14.0,8.219247928616946,2.6390573296152584
FL,2018,14.5,6.534900704374658,2.6741486494265287
FL,2019,14.5,5.906286624062962,2.6741486494265287
FL,2020,13.8,7.416377834384269,2.624668592163159
FL,2021,14.2,24.787155463981648,2.653241964607215
FL,2022,14.8,18.178136390541756,2.6946271807700692
GA,1999,11.2,,2.4159137783010487
GA,2000,10.7,6.332907320082848,2.3702437414678603
GA,2001,11.4,6.776359416445632,2.4336133554004498
GA,2002,11.1,4.471528936847413,2.4069451083182885
GA,2003,11.6,3.373583503622535,2.451005098112319
GA,2004,11.3,5.139632678000194,2.424802725718295
GA,2005,10.6,5.743000717875102,2.360854001118021
GA,2006,10.3,4.341641612517377,2.33214389523559
GA,2007,10.9,1.1804436733176438,2.388762789235098
GA,2008,10.4,-4.544201855651153,2.341805806147327
GA,2009,11.9,-6.33240304109326,2.476538400117484
GA,2010,11.7,-4.414534744340559,2.4595888418037104
GA,2011,11.7,-7.4274453600859935,2.4595888418037104
GA,2012,11.7,-1.9390796145063227,2.4595888418037104
GA,2013,12.0,5.1665614145879335,2.4849066497880004
GA,2014,12.6,6.579095515106026,2.533696813957432
GA,2015,12.7,6.070850059863364,2.5416019934645457
GA,2016,13.3,6.523471217050658,2.5877640352277083
GA,2017,13.6,5.949449932994666,2.6100697927420065
GA,2018,14.1,7.01847276150136,2.6461747973841225
GA,2019,14.0,6.085426859435983,2.6390573296152584
GA,2020,13.4,6.811586692921545,2.5952547069568657
GA,2021,14.0,21.305033353547607,2.6390573296152584
GA,2022,14.5,15.515517517197242,2.6741486494265287
HI,1999,11.1,,2.4069451083182885
HI,2000,11.2,6.540593705293274,2.4159137783010487
HI,2001,10.9,8.220385212538272,2.388762789235098
HI,2002,9.5,8.363706863125264,2.2512917986064958
HI,2003,10.2,14.531076680860178,2.322387720290225
HI,2004,8.9,25.746688327918022,2.186051276738094
HI,2005,8.2,24.430420631568484,2.1041341542702074
HI,2006,9.0,6.143923964697895,2.19722457733622
HI,2007,9.5,0.6715701950751329,2.2512917986064958
HI,2008,9.7,-7.592121982210931,2.272125885509337
HI,2009,12.5,-8.919580207469712,2.525728644308256
HI,2010,15.0,-0.1576306558323414,2.70805020110221
HI,2011,12.8,-1.3186275599830988,2.5494451709255714
HI,2012,13.1,2.4471585019604447,2.5726122302071057
HI,2013,11.8,7.082526834418434,2.468099531471619
HI,2014,13.8,5.656889327088988,2.624668592163159
HI,2015,13.5,5.838096349002675,2.602689685444384
HI,2016,12.1,6.225087709630617,2.4932054526026954
HI,2017,15.2,3.4514957634445897,2.7212954278522306
HI,2018,13.3,3.2527663557650577,2.5877640352277083
HI,2019,12.4,3.4594962118759343,2.517696472610991
HI,2020,12.0,1.8056924689793252,2.4849066497880004
HI,2021,12.8,16.33339993544718,2.5494451709255714
HI,2022,13.0,15.416831813978082,2.5649493574615367
IA,1999,10.3,,2.33214389523559
IA,2000,9.8,4.5501050024231215,2.2823823856765264
IA,2001,10.2,5.1967449526163945,2.322387720290225
IA,2002,10.7,3.520195838433282,2.3702437414678603
IA,2003,11.9,4.232879303821413,2.476538400117484
IA,2004,11.5,4.401288624710742,2.4423470353692043
IA,2005,11.2,4.811160850102136,2.4159137783010487
IA,2006,11.2,2.0069663294078666,2.4159137783010487
IA,2007,10.7,1.7235772357723669,2.3702437414678603
IA,2008,12.6,-0.3316815856777566,2.533696813957432
IA,2009,11.9,-0.4650976304077625,2.476538400117484
IA,2010,12.1,0.4833836858006091,2.4932054526026954
IA,2011,13.9,-0.1884145119262381,2.631888840136646
IA,2012,12.7,1.1848341232227666,2.5416019934645457
IA,2013,14.4,1.2582860318342437,2.667228206581955
IA,2014,12.9,2.7949823598588885,2.5572273113676265
IA,2015,13.9,3.256683064485366,2.631888840136646
IA,2016,14.6,3.50481958858071,2.681021528714291
IA,2017,15.0,3.671590665810331,2.70805020110221
IA,2018,14.8,3.3040784718636917,2.6946271807700692
IA,2019,15.1,3.521572547059826,2.714694743820879
IA,2020,14.4,3.791194644696172,2.667228206581955
IA,2021,15.0,12.564341085271312,2.70805020110221
IA,2022,15.5,10.13718252437883,2.740840023925201
ID,1999,14.8,,2.694627180770069
ID,2000,13.3,3.464092885469916,2.5877640352277083
ID,2001,16.3,5.513992795788303,2.791165107812717
ID,2002,15.5,3.304446778711489,2.740840023925201
ID,2003,16.4,3.9571240943947927,2.797281334830153
ID,2004,17.6,10.11126054529894,2.8678989020441064
ID,2005,16.5,18.71345029239766,2.803360380906535
ID,2006,15.8,13.206958907526346,2.760009940032921
ID,2007,15.0,1.8782704489121336,2.70805020110221
ID,2008,16.7,-4.676686851211076,2.815408719422709
ID,2009,20.3,-8.870739039192344,3.0106208860477417
ID,2010,18.8,-7.46872471525487,2.933856869835904
ID,2011,18.2,-5.451671487186383,2.9014215940827497
ID,2012,19.0,1.611354177782531,2.9444389791664403
ID,2013,19.2,5.3000070013302425,2.954910279033736
ID,2014,20.0,5.465425531914891,2.995732273553991
ID,2015,22.1,7.36666246374984,3.095577608523707
ID,2016,21.4,7.231144123777922,3.0633909220278057
ID,2017,23.2,9.88938779980286,3.1441522786722644
ID,2018,22.7,12.936017540362755,3.122364924487357
ID,2019,23.1,10.569625838333918,3.139832617527748
ID,2020,22.0,13.188611105568748,3.091042453358316
ID,2021,22.5,30.666854695129487,3.1135153092103742
ID,2022,23.0,6.7762998138305,3.1354942159291497
IL,1999,8.3,,2.1162555148025524
IL,2000,8.1,6.642736486486478,2.091864061678393
IL,2001,9.2,5.95572803231299,2.2192034840549946
IL,2002,9.2,6.058227753485057,2.2192034840549946
IL,2003,8.0,6.748185213898106,2.079441541679836
IL,2004,8.1,8.322054600072626,2.091864061678393
IL,2005,8.6,8.572560492472725,2.151762203259462
IL,2006,7.9,4.050298930586349,2.066862759472976
IL,2007,8.6,-0.2346911248988448,2.151762203259462
IL,2008,9.3,-6.078468485520361,2.2300144001592104
IL,2009,9.1,-7.234777601842524,2.2082744135228043
IL,2010,9.0,-2.464154925206397,2.19722457733622
IL,2011,9.3,-4.763268423062228,2.2300144001592104
IL,2012,9.8,-1.4199325114429897,2.2823823856765264
IL,2013,9.9,0.4778689080187082,2.2925347571405443
IL,2014,10.5,3.943063379094003,2.3513752571634776
IL,2015,10.3,2.8004932502595947,2.33214389523559
IL,2016,10.7,3.525995138735416,2.3702437414678603
IL,2017,11.2,2.2258812050250043,2.4159137783010487
IL,2018,11.5,1.2885521684662615,2.4423470353692043
IL,2019,11.4,3.848872136168202,2.4336133554004498
IL,2020,10.8,3.354600879058567,2.379546134130174
IL,2021,11.2,11.915605794556638,2.4159137783010487
IL,2022,11.5,8.720060797724983,2.4423470353692043
IN,1999,10.4,,2.341805806147327
IN,2000,11.3,3.938506588579793,2.424802725718295
IN,2001,11.7,4.582805089918773,2.4595888418037104
IN,2002,12.1,2.599560005387702,2.4932054526026954
IN,2003,11.9,2.8793978645195173,2.476538400117484
IN,2004,11.3,3.1688643130582728,2.424802725718295
IN,2005,11.9,3.2117089259946274,2.476538400117484
IN,2006,13.0,1.473995366301839,2.5649493574615367
IN,2007,12.3,0.3739715781600594,2.509599262378372
IN,2008,12.6,-1.6824849007765263,2.533696813957432
IN,2009,12.8,-1.7830787027803274,2.5494451709255714
IN,2010,13.1,-0.2152546503127239,2.5726122302071057
IN,2011,13.5,-1.391998046318521,2.602689685444384
IN,2012,14.3,0.0495315144260377,2.660259537265861
IN,2013,14.3,0.4991955113659907,2.660259537265861
IN,2014,14.3,2.996715927750415,2.660259537265861
IN,2015,14.4,3.459545635711425,2.667228206581955
IN,2016,15.4,4.041143385468837,2.734367509419584
IN,2017,16.3,4.639537897582113,2.791165107812717
IN,2018,16.2,6.1181882519462105,2.785011242238338
IN,2019,16.1,5.948847910900668,2.7788192719904172
IN,2020,15.5,7.094073584489968,2.740840023925201
IN,2021,16.0,17.098186734064136,2.772588722239781
IN,2022,16.5,10.917304555151208,2.803360380906535
KS,1999,11.2,,2.4159137783010487
KS,2000,12.2,5.263458354741113,2.501435951739211
KS,2001,10.9,5.282282119420789,2.388762789235098
KS,2002,12.7,4.151857003039194,2.5416019934645457
KS,2003,12.8,3.813244967604734,2.5494451709255714
KS,2004,13.7,4.311576941400652,2.617395832834079
KS,2005,13.3,4.1881708152546215,2.5877640352277083
KS,2006,13.9,3.1518499035595227,2.631888840136646
KS,2007,13.7,1.3896561982066349,2.617395832834079
KS,2008,12.1,-0.9179310922960982,2.4932054526026954
KS,2009,13.6,-0.46533271288971,2.6100697927420065
KS,2010,14.0,0.1232521569127564,2.6390573296152584
KS,2011,13.8,-1.1715765345105766,2.624668592163159
KS,2012,17.4,-0.1460355639549826,2.856470206220483
KS,2013,14.7,0.5591878871300748,2.6878474937846906
KS,2014,15.7,3.178201728120466,2.7536607123542622
KS,2015,16.3,3.3373409062642523,2.791165107812717
KS,2016,17.9,5.087057690764674,2.884800712846709
KS,2017,19.1,3.832938840955946,2.9496883350525844
KS,2018,18.4,4.588572689168302,2.91235066461494
KS,2019,18.4,4.51381565070661,2.91235066461494
KS,2020,17.4,6.646485031954241,2.856470206220483
KS,2021,18.0,14.32221030719738,2.8903717578961645
KS,2022,18.5,10.420172703947905,2.917770732084279
KY,1999,11.6,,2.451005098112319
KY,2000,12.8,4.610277271239527,2.5494451709255714
KY,2001,12.1,4.541188039154331,2.4932054526026954
KY,2002,13.0,3.5144726153319983,2.5649493574615367
KY,2003,13.6,3.9444880426252382,2.6100697927420065
KY,2004,13.3,5.304776285464508,2.5877640352277083
KY,2005,13.4,4.2677634806233655,2.5952547069568657
KY,2006,14.6,2.7866242038216527,2.681021528714291
KY,2007,15.1,2.087881135131342,2.714694743820879
KY,2008,14.0,-0.5345749267115063,2.6390573296152584
KY,2009,13.5,-1.2586685159500677,2.602689685444384
KY,2010,14.2,0.1650454752958552,2.653241964607215
KY,2011,15.2,-1.2620950778292062,2.7212954278522306
KY,2012,16.2,0.6994745064621499,2.785011242238338
KY,2013,15.6,-0.3808046260710296,2.747270914255491
KY,2014,16.0,2.7536898736417514,2.772588722239781
KY,2015,17.1,3.60304502083979,2.8390784635086144
KY,2016,16.8,4.003058815706351,2.8213788864092133
KY,2017,16.9,4.526709504171866,2.827313621929028
KY,2018,17.8,4.012600544392431,2.8791984572980396
KY,2019,17.5,4.886941691905089,2.8622008809294686
KY,2020,16.8,6.226346331754096,2.8213788864092133
KY,2021,17.5,15.428058693127822,2.8622008809294686
KY,2022,18.0,11.239654305180856,2.8903717578961645
LA,1999,11.9,,2.476538400117484
LA,2000,10.7,3.9898670044331785,2.3702437414678603
LA,2001,11.2,5.590742996345921,2.4159137783010487
LA,2002,11.2,4.648748413888559,2.4159137783010487
LA,2003,10.3,4.767416225749566,2.33214389523559
LA,2004,11.9,5.844599926350669,2.476538400117484
LA,2005,11.0,8.702783300198824,2.3978952727983707
LA,2006,11.5,9.706917836404362,2.4423470353692043
LA,2007,12.0,2.967408518796377,2.4849066497880004
LA,2008,12.0,-0.8499959524002287,2.4849066497880004
LA,2009,10.9,-0.6735793598954931,2.388762789235098
LA,2010,12.3,-0.3740084665652898,2.509599262378372
LA,2011,12.5,-0.5816831683168266,2.525728644308256
LA,2012,12.4,1.2075189841902034,2.517696472610991
LA,2013,12.4,0.8897088970889699,2.517696472610991
LA,2014,14.3,3.0966798065591217,2.660259537265861
LA,2015,15.2,3.393905948204501,2.7212954278522306
LA,2016,14.2,3.9382386580251616,2.653241964607215
LA,2017,15.2,2.395187616916705,2.7212954278522306
LA,2018,15.0,0.9277833500501487,2.70805020110221
LA,2019,15.2,3.5882874889086036,2.7212954278522306
LA,2020,14.5,3.950524223942975,2.6741486494265287
LA,2021,15.0,9.94100003296088,2.70805020110221
LA,2022,15.5,6.805576375356015,2.740840023925201
MA,1999,6.7,,1.9021075263969205
MA,2000,6.0,14.23748182007063,1.791759469228055
MA,2001,6.5,11.5604965216205,1.8718021769015916
MA,2002,6.6,12.302581973059468,1.88706964903238
MA,2003,6.5,10.085649996370735,1.8718021769015916
MA,2004,6.4,10.923746414795763,1.8562979903656265
MA,2005,7.2,6.960605114945095,1.9740810260220096
MA,2006,6.7,-1.5893966128068593,1.9021075263969205
MA,2007,7.7,-4.11390171247864,2.0412203288596382
MA,2008,7.5,-5.949734242259175,2.0149030205422647
MA,2009,7.8,-3.9262343842950473,2.0541237336955462
MA,2010,8.8,-0.3552224213785315,2.174751721484161
MA,2011,8.4,-1.9525117739403357,2.128231705849268
MA,2012,8.7,0.2251576103272201,2.163323025660538
MA,2013,8.2,2.7823540179388706,2.1041341542702074
MA,2014,8.2,4.729215575163925,2.1041341542702074
MA,2015,8.9,4.365705098475714,2.186051276738094
MA,2016,8.8,5.268849059398595,2.174751721484161
MA,2017,9.5,5.420237240913517,2.2512917986064958
MA,2018,9.5,4.407426687489147,2.2512917986064953
MA,2019,9.4,4.859308881246727,2.2407096892759584
MA,2020,8.6,5.970349418448717,2.151762203259462
MA,2021,9.2,15.878001357585791,2.2192034840549946
MA,2022,9.5,8.523629864972193,2.2512917986064953
MD,1999,8.3,,2.1162555148025524
MD,2000,9.0,6.588698967570572,2.19722457733622
MD,2001,8.4,8.77376311241509,2.128231705849268
MD,2002,8.8,11.391516405557224,2.174751721484161
MD,2003,8.9,13.072610873387047,2.186051276738094
MD,2004,8.8,19.49366345928185,2.174751721484161
MD,2005,8.4,21.221122922446177,2.128231705849268
MD,2006,8.6,7.679688923992978,2.151762203259462
MD,2007,9.0,-1.4651394609641155,2.19722457733622
MD,2008,8.7,-10.158427180759675,2.163323025660538
MD,2009,9.3,-8.804283164782866,2.2300144001592104
MD,2010,8.3,-1.6843723790886278,2.1162555148025524
MD,2011,9.2,-3.063908438188667,2.2192034840549946
MD,2012,9.5,-0.7235748508849116,2.2512917986064958
MD,2013,9.2,1.472471190781044,2.2192034840549946
MD,2014,9.8,3.460325163795197,2.2823823856765264
MD,2015,8.8,1.5174969509334837,2.174751721484161
MD,2016,9.4,3.638842039599832,2.2407096892759584
MD,2017,9.9,2.7308395380980066,2.2925347571405443
MD,2018,10.4,1.2000086799904608,2.341805806147327
MD,2019,10.1,4.17703062012178,2.312535423847214
MD,2020,9.8,5.242466655689126,2.2823823856765264
MD,2021,10.2,13.776378322348481,2.322387720290225
MD,2022,10.5,7.00128921357972,2.3513752571634776
ME,1999,13.4,,2.5952547069568657
ME,2000,11.8,9.553614931974064,2.468099531471619
ME,2001,12.1,9.620253164556969,2.4932054526026954
ME,2002,12.5,10.380126084514064,2.525728644308256
ME,2003,10.0,10.30592626102691,2.302585092994046
ME,2004,12.4,12.603491143977651,2.517696472610991
ME,2005,12.4,9.679034828135658,2.517696472610991
ME,2006,11.0,2.488481175542745,2.3978952727983707
ME,2007,13.6,0.5811951965330797,2.6100697927420065
ME,2008,12.7,-4.115325763066768,2.5416019934645457
ME,2009,14.0,-4.693011926759628,2.6390573296152584
ME,2010,13.2,-0.4824957588843159,2.580216829592325
ME,2011,16.6,-1.8574274961257409,2.8094026953624978
ME,2012,14.5,-1.687306850736514,2.6741486494265287
ME,2013,17.4,-0.025239198770155,2.856470206220483
ME,2014,15.7,2.5498026255393214,2.7536607123542622
ME,2015,16.0,3.1242306917619755,2.772588722239781
ME,2016,15.9,4.837344560428813,2.766319109226186
ME,2017,18.9,4.699014655957612,2.9391619220655967
ME,2018,16.8,4.745146110957332,2.8213788864092133
ME,2019,17.5,6.098757975008495,2.8622008809294686
ME,2020,16.2,8.584034585208776,2.785011242238338
ME,2021,17.0,20.79988203296521,2.833213344056216
ME,2022,17.5,13.687965386754207,2.8622008809294686
MI,1999,9.9,,2.2925347571405443
MI,2000,9.9,7.068295840750927,2.2925347571405443
MI,2001,10.5,5.10902014132939,2.3513752571634776
MI,2002,11.1,3.958295883516105,2.4069451083182885
MI,2003,10.2,3.932079125743515,2.322387720290225
MI,2004,10.9,3.873157421888007,2.388762789235098
MI,2005,11.0,1.9860973187686204,2.3978952727983707
MI,2006,11.2,-2.308634607532123,2.4159137783010487
MI,2007,11.1,-6.112147128802004,2.4069451083182885
MI,2008,11.8,-9.218862367727144,2.468099531471619
MI,2009,11.5,-7.936927081368584,2.4423470353692043
MI,2010,12.5,-2.0938332308953145,2.525728644308256
MI,2011,12.2,-3.0258642336988277,2.501435951739211
MI,2012,12.5,0.8976738164084397,2.525728644308256
MI,2013,12.9,6.356131571068069,2.5572273113676265
MI,2014,13.3,7.154635029157452,2.5877640352277083
MI,2015,13.8,4.800330280738629,2.624668592163159
MI,2016,13.3,5.747949718869738,2.5877640352277083
MI,2017,14.1,6.614061230018975,2.6461747973841225
MI,2018,14.3,5.6129093739080815,2.6602595372658615
MI,2019,14.3,5.398820981713182,2.6602595372658615
MI,2020,13.6,6.440658619410433,2.6100697927420065
MI,2021,14.2,15.855227882037525,2.653241964607215
MI,2022,14.5,8.876752904151441,2.6741486494265287
MN,1999,9.0,,2.19722457733622
MN,2000,8.9,10.62983122169876,2.186051276738094
MN,2001,9.6,10.0508537644189,2.26176309847379
MN,2002,9.8,8.723420241941525,2.2823823856765264
MN,2003,9.8,8.74568071872841,2.2823823856765264
MN,2004,10.2,8.217088748371527,2.322387720290225
MN,2005,10.5,7.1174795196288665,2.3513752571634776
MN,2006,10.6,1.096461171568763,2.360854001118021
MN,2007,10.8,-2.977142702204394,2.379546134130174
MN,2008,11.2,-5.896654836095339,2.4159137783010487
MN,2009,10.8,-6.438392777596292,2.379546134130174
MN,2010,11.2,-1.5045230915727736,2.4159137783010487
MN,2011,12.5,-4.192581611936452,2.525728644308256
MN,2012,12.0,0.164816683484692,2.4849066497880004
MN,2013,12.1,4.486383021592388,2.4932054526026954
MN,2014,12.2,4.486582034388564,2.501435951739211
MN,2015,13.2,4.170896004429281,2.580216829592325
MN,2016,13.2,4.990108365075141,2.580216829592325
MN,2017,13.9,5.737266923531248,2.631888840136646
MN,2018,13.7,4.77697688645371,2.617395832834079
MN,2019,13.8,4.909501688117168,2.624668592163159
MN,2020,13.1,5.783144191448697,2.5726122302071057
MN,2021,13.5,14.00828053160097,2.6026896854443837
MN,2022,14.0,6.538793362894002,2.6390573296152584
MO,1999,12.6,,2.533696813957432
MO,2000,12.5,6.115937760761803,2.525728644308256
MO,2001,12.8,5.768074379018451,2.5494451709255714
MO,2002,12.1,5.514738039009881,2.4932054526026954
MO,2003,11.8,5.1643387076719005,2.468099531471619
MO,2004,12.4,6.301974539865229,2.517696472610991
MO,2005,12.5,6.210143852884476,2.525728644308256
MO,2006,13.5,3.246413236988155,2.602689685444384
MO,2007,13.5,0.4631977550123345,2.602689685444384
MO,2008,13.0,-2.6721410782796,2.5649493574615367
MO,2009,14.3,-3.5200553250345767,2.660259537265861
MO,2010,14.0,-1.0680237975772222,2.6390573296152584
MO,2011,15.3,-2.220692653238654,2.72785282839839
MO,2012,14.9,-0.6298395761550335,2.7013612129514133
MO,2013,15.6,-0.2087916185078864,2.747270914255491
MO,2014,16.3,3.657762002615361,2.791165107812717
MO,2015,17.1,3.712514417531732,2.8390784635086144
MO,2016,18.4,4.229512754570108,2.91235066461494
MO,2017,18.5,4.544696742356047,2.917770732084279
MO,2018,18.5,4.9945780442686605,2.917770732084279
MO,2019,18.6,5.309842041312285,2.9231615807191558
MO,2020,17.9,5.884389061959139,2.884800712846709
MO,2021,18.5,16.23351857905635,2.917770732084279
MO,2022,19.0,11.036632526308377,2.9444389791664403
MS,1999,11.0,,2.3978952727983707
MS,2000,10.5,4.061084074509136,2.3513752571634776
MS,2001,11.7,5.06907488039563,2.4595888418037104
MS,2002,12.2,2.8701524608615525,2.501435951739211
MS,2003,11.9,2.695578654200048,2.476538400117484
MS,2004,12.2,4.838006683132345,2.501435951739211
MS,2005,12.7,7.183111603843306,2.5416019934645457
MS,2006,11.4,8.529069516872823,2.4336133554004498
MS,2007,13.6,2.926693670081804,2.6100697927420065
MS,2008,13.9,-1.5432694162583416,2.631888840136646
MS,2009,13.1,-3.0722206983032296,2.5726122302071057
MS,2010,13.0,-1.9607843137254832,2.5649493574615367
MS,2011,13.1,-0.6515463917525777,2.5726122302071057
MS,2012,14.0,-1.278432674746799,2.6390573296152584
MS,2013,13.0,-0.5255634039690538,2.5649493574615367
MS,2014,12.5,3.309522803161591,2.525728644308256
MS,2015,14.0,2.6020783896571587,2.6390573296152584
MS,2016,12.7,3.126246112130149,2.5416019934645457
MS,2017,15.0,1.496403990410644,2.70805020110221
MS,2018,14.4,2.2858013638614727,2.667228206581955
MS,2019,14.1,4.1454057879250605,2.6461747973841225
MS,2020,13.8,4.942421858236168,2.624668592163159
MS,2021,14.2,13.9824154852781,2.653241964607215
MS,2022,14.5,11.537656591024593,2.6741486494265287
MT,1999,17.7,,2.873564639579784
MT,2000,17.5,5.141636576310837,2.862200880929469
MT,2001,19.3,4.914385218148398,2.96010509591084
MT,2002,20.0,6.104195481788843,2.995732273553991
MT,2003,19.5,8.164595463630842,2.970414465569701
MT,2004,18.8,10.336239103362388,2.933856869835904
MT,2005,21.7,13.372897400422335,3.077312260546414
MT,2006,19.7,9.948938630013826,2.9806186357439426
MT,2007,19.4,4.959546689254313,2.9652730660692823
MT,2008,20.6,-0.1447057186586997,3.025291075795536
MT,2009,21.2,-3.843045453278704,3.054001181677967
MT,2010,21.8,-2.07222351031765,3.0819099697950434
MT,2011,22.5,-2.5037734173843478,3.1135153092103742
MT,2012,22.6,2.6348541420028626,3.1179499062782403
MT,2013,23.7,3.318446659371199,3.1654750481410856
MT,2014,23.9,4.531531789425491,3.173878458937465
MT,2015,25.3,4.146127724832938,3.2308043957334744
MT,2016,25.9,3.549829082303435,3.254242968705492
MT,2017,28.9,5.096495683087854,3.3638415951183864
MT,2018,28.9,6.122695532413558,3.3638415951183864
MT,2019,27.3,5.427927415131717,3.3068867021909143
MT,2020,27.8,7.9365079365079305,3.3250360206965914
MT,2021,28.0,25.062024809923965,3.332204510175204
MT,2022,28.5,14.00665536108534,3.349904087274605
NC,1999,11.0,,2.3978952727983707
NC,2000,12.0,4.5916382031216285,2.4849066497880004
NC,2001,12.0,4.865445826960446,2.4849066497880004
NC,2002,11.8,3.125985493535155,2.468099531471619
NC,2003,11.2,2.9242001452543853,2.4159137783010487
NC,2004,11.9,4.90603877293323,2.476538400117484
NC,2005,11.5,7.4875207986688785,2.4423470353692043
NC,2006,12.2,6.692576246624071,2.501435951739211
NC,2007,11.6,3.7105636846329615,2.451005098112319
NC,2008,12.3,-0.5834027860459501,2.509599262378372
NC,2009,12.2,-4.041916167664672,2.501435951739211
NC,2010,12.0,-2.355694227769112,2.4849066497880004
NC,2011,12.3,-3.403099536667187,2.509599262378372
NC,2012,12.7,-1.1544823023486583,2.5416019934645457
NC,2013,12.6,0.2108363173923155,2.533696813957432
NC,2014,13.1,3.28279454982634,2.5726122302071057
NC,2015,13.4,4.487987842338415,2.5952547069568657
NC,2016,13.0,5.26380937645059,2.5649493574615367
NC,2017,14.3,5.309266227657572,2.660259537265861
NC,2018,14.5,6.166601529786164,2.6741486494265287
NC,2019,14.4,5.924114538139924,2.667228206581955
NC,2020,13.8,6.888591003872513,2.624668592163159
NC,2021,14.5,21.126825982953612,2.6741486494265287
NC,2022,15.0,16.370120408006763,2.70805020110221
ND,1999,11.1,,2.4069451083182885
ND,2000,10.4,3.721434954678937,2.341805806147327
ND,2001,12.7,4.892608775924656,2.5416019934645457
ND,2002,14.3,5.356723773762018,2.660259537265861
ND,2003,12.3,5.635685248092659,2.509599262378372
ND,2004,11.1,8.060519795455745,2.4069451083182885
ND,2005,13.7,7.429993170065385,2.617395832834079
ND,2006,13.3,4.881703828164019,2.5877640352277083
ND,2007,14.2,4.160893661240039,2.653241964607215
ND,2008,13.1,3.179947624392065,2.5726122302071057
ND,2009,13.9,1.2448634276045478,2.631888840136646
ND,2010,15.6,1.9577414348812328,2.747270914255491
ND,2011,14.9,4.004214963119068,2.7013612129514133
ND,2012,15.2,8.101617321475473,2.7212954278522306
ND,2013,17.3,9.243960011108031,2.8507065015037334
ND,2014,17.8,6.42814019255824,2.87919845729804
ND,2015,17.5,3.997730936884225,2.862200880929469
ND,2016,19.0,1.6162834094106238,2.9444389791664403
ND,2017,20.1,0.9436094473951996,3.0007198150650303
ND,2018,17.9,1.3154212146655464,2.884800712846709
ND,2019,18.5,3.237569060773482,2.917770732084279
ND,2020,18.8,2.9915444717970585,2.9338568698359038
ND,2021,19.0,8.91660171473112,2.9444389791664403
ND,2022,19.5,8.363150613043246,2.970414465569701
NE,1999,10.5,,2.3513752571634776
NE,2000,11.3,3.696951281272143,2.424802725718295
NE,2001,10.9,4.112131275639785,2.388762789235098
NE,2002,11.8,3.0772117459423987,2.468099531471619
NE,2003,10.2,3.818148721215975,2.322387720290225
NE,2004,9.5,4.848112918073033,2.2512917986064958
NE,2005,10.9,3.231740457376975,2.388762789235098
NE,2006,11.2,1.5430098817430735,2.4159137783010487
NE,2007,10.1,0.5264627288318113,2.312535423847214
NE,2008,10.6,-0.404681610791513,2.360854001118021
NE,2009,9.3,-0.6732263076126399,2.2300144001592104
NE,2010,10.4,0.1684446939921313,2.341805806147327
NE,2011,10.5,0.4204035874439515,2.3513752571634776
NE,2012,12.5,0.9927833818428322,2.525728644308256
NE,2013,11.6,2.731938412949076,2.451005098112319
NE,2014,13.4,3.908231496426096,2.5952547069568657
NE,2015,11.7,4.519397906727329,2.4595888418037104
NE,2016,13.1,4.154134673224585,2.5726122302071057
NE,2017,14.7,5.85357567521656,2.6878474937846906
NE,2018,14.0,4.9618075614609625,2.6390573296152584
NE,2019,13.7,5.152274951076308,2.617395832834079
NE,2020,13.2,5.440693244932993,2.580216829592325
NE,2021,13.8,15.568119139547697,2.624668592163159
NE,2022,14.2,10.483235890705167,2.653241964607215
NH,1999,11.2,,2.4159137783010487
NH,2000,10.3,14.51278220451526,2.33214389523559
NH,2001,13.2,11.41593882506433,2.580216829592325
NH,2002,10.3,12.132843248869673,2.33214389523559
NH,2003,12.0,9.996228932787975,2.4849066497880004
NH,2004,9.9,10.944381444658347,2.2925347571405443
NH,2005,12.0,8.85450093893365,2.4849066497880004
NH,2006,11.2,0.4891470498318506,2.4159137783010487
NH,2007,11.2,-2.698943891520711,2.4159137783010487
NH,2008,13.1,-6.271216723244589,2.5726122302071057
NH,2009,11.9,-6.166603126191383,2.476538400117484
NH,2010,14.1,-1.1122397155916677,2.6461747973841225
NH,2011,13.8,-2.983924811257765,2.624668592163159
NH,2012,14.1,-1.3710958178930643,2.6461747973841225
NH,2013,12.8,1.0385915946540702,2.5494451709255714
NH,2014,17.8,3.779648861855556,2.87919845729804
NH,2015,16.5,3.821150696150677,2.803360380906535
NH,2016,17.2,4.558116602982865,2.8449093838194077
NH,2017,18.9,5.540623379072951,2.9391619220655967
NH,2018,17.2,5.39272629791796,2.8449093838194073
NH,2019,16.3,5.684853109500199,2.791165107812717
NH,2020,15.8,8.317288407541113,2.760009940032921
NH,2021,16.5,19.286388801451658,2.803360380906535
NH,2022,17.0,11.939835152041955,2.833213344056216
NJ,1999,6.6,,1.88706964903238
NJ,2000,6.6,9.802406446627687,1.88706964903238
NJ,2001,6.8,10.368285245132537,1.916922612182061
NJ,2002,6.3,12.843479580992856,1.840549633397487
NJ,2003,6.7,12.199650208529532,1.9021075263969205
NJ,2004,6.8,15.213794095781674,1.916922612182061
NJ,2005,6.1,14.988655995670564,1.8082887711792652
NJ,2006,6.5,4.266526681630567,1.8718021769015916
NJ,2007,6.7,-2.1388517560458897,1.9021075263969205
NJ,2008,6.8,-7.262857244229992,1.916922612182061
NJ,2009,6.2,-6.641798182687719,1.824549292051046
NJ,2010,7.7,-0.8524066143474673,2.0412203288596382
NJ,2011,7.5,-4.602475871618406,2.0149030205422647
NJ,2012,7.4,-1.941074523396891,2.0014800002101243
NJ,2013,8.0,0.4639448568398707,2.079441541679836
NJ,2014,8.3,2.990719971852029,2.1162555148025524
NJ,2015,8.3,1.9558440449246373,2.1162555148025524
NJ,2016,7.2,3.162303664921473,1.9740810260220096
NJ,2017,8.3,2.155907429963455,2.1162555148025524
NJ,2018,8.3,2.3190652199833073,2.1162555148025524
NJ,2019,8.1,4.583503272543665,2.0918640616783932
NJ,2020,7.5,5.849690802057594,2.0149030205422647
NJ,2021,8.0,16.193266548535924,2.0794415416798357
NJ,2022,8.5,11.890561536487043,2.1400661634962708
NM,1999,18.1,,2.89591193827178
NM,2000,18.3,1.8332407454168864,2.9069010598473755
NM,2001,20.3,4.557627454870072,3.0106208860477417
NM,2002,19.2,4.4016506189821225,2.954910279033736
NM,2003,18.6,5.901594657216847,2.923161580719156
NM,2004,18.8,8.1123981123981,2.933856869835904
NM,2005,17.8,13.896273957382643,2.87919845729804
NM,2006,17.9,11.876807302372594,2.884800712846709
NM,2007,20.3,2.892999501743909,3.0106208860477417
NM,2008,20.9,-3.4442056838473567,3.039749158970765
NM,2009,18.2,-4.548161614895152,2.9014215940827497
NM,2010,20.1,-2.3610928674635434,3.0007198150650303
NM,2011,20.3,-3.612148118252445,3.0106208860477417
NM,2012,21.3,-1.566698070414163,3.05870707271538
NM,2013,20.3,0.7054236086494026,3.0106208860477417
NM,2014,21.0,1.4924847759512971,3.044522437723423
NM,2015,23.7,1.5676481809038467,3.1654750481410856
NM,2016,22.5,4.312788116783328,3.1135153092103742
NM,2017,23.3,2.625376456723849,3.1484533605716547
NM,2018,24.8,3.7799043062201054,3.2108436531709366
NM,2019,25.0,5.581681266328564,3.2188758248682006
NM,2020,24.2,6.9925184128555085,3.186352633162641
NM,2021,25.5,17.076157048404216,3.2386784521643803
NM,2022,26.0,12.119733203188531,3.258096538021482
NV,1999,21.3,,3.05870707271538
NV,2000,20.2,4.616269343370982,3.005682604407159
NV,2001,18.7,6.806256558892598,2.928523523860541
NV,2002,19.7,6.554999298179953,2.9806186357439426
NV,2003,19.9,13.142179678580844,2.990719731730447
NV,2004,18.9,34.47432762836185,2.9391619220655967
NV,2005,19.8,17.598845598845614,2.9856819377004897
NV,2006,19.3,2.4884656915676877,2.96010509591084
NV,2007,18.0,-8.361668502466358,2.8903717578961645
NV,2008,19.7,-26.02822053828064,2.9806186357439426
NV,2009,18.7,-16.659013034723934,2.928523523860541
NV,2010,19.8,-9.108633916839748,2.9856819377004897
NV,2011,18.4,-12.269166200335755,2.91235066461494
NV,2012,18.2,3.917503853718185,2.9014215940827497
NV,2013,18.6,21.64705882352942,2.923161580719156
NV,2014,19.6,11.290051299302007,2.975529566236472
NV,2015,18.4,11.032606642233713,2.91235066461494
NV,2016,21.4,8.14645931874638,3.0633909220278057
NV,2017,20.3,10.814637676599226,3.0106208860477417
NV,2018,21.3,12.377193480606508,3.0587070727153796
NV,2019,21.0,3.7799732167673294,3.044522437723423
NV,2020,19.8,6.198719353346482,2.9856819377004897
NV,2021,20.5,23.98725326119353,3.0204248861443626
NV,2022,21.0,8.002662623423685,3.044522437723423
NY,1999,6.3,,1.840549633397487
NY,2000,5.9,9.170636967802649,1.7749523509116738
NY,2001,6.5,9.292564280750517,1.8718021769015916
NY,2002,6.3,11.241670481713207,1.840549633397487
NY,2003,5.9,11.305958205679278,1.7749523509116738
NY,2004,6.0,12.965511574882417,1.791759469228055
NY,2005,6.0,12.072006546049629,1.791759469228055
NY,2006,6.7,3.3098614401142257,1.9021075263969205
NY,2007,7.1,-0.9909853315325012,1.9600947840472696
NY,2008,7.1,-4.861761020256017,1.9600947840472696
NY,2009,7.0,-4.196538730867983,1.9459101490553128
NY,2010,7.7,0.0887558517951303,2.0412203288596382
NY,2011,8.2,-2.609890109890112,2.1041341542702074
NY,2012,8.3,-1.1319205156130052,2.1162555148025524
NY,2013,8.1,0.6771764450945295,2.091864061678393
NY,2014,8.1,3.065360883914492,2.091864061678393
NY,2015,7.8,2.7775360679417327,2.0541237336955462
NY,2016,8.1,4.3991398140779125,2.091864061678393
NY,2017,8.1,4.778201281323491,2.091864061678393
NY,2018,8.3,3.9891023358771482,2.1162555148025524
NY,2019,8.3,5.077555151984292,2.1162555148025524
NY,2020,7.8,5.706271515391914,2.0541237336955462
NY,2021,8.2,13.876194432904043,2.1041341542702074
NY,2022,8.5,9.981052359040143,2.1400661634962708
OH,1999,9.7,,2.272125885509337
OH,2000,9.5,4.834331710969675,2.2512917986064958
OH,2001,10.6,4.772108388018381,2.360854001118021
OH,2002,11.2,3.199829569663404,2.4159137783010487
OH,2003,9.3,3.69101193179473,2.2300144001592104
OH,2004,11.4,3.428230141349786,2.4336133554004498
OH,2005,11.5,2.787188173698807,2.4423470353692043
OH,2006,11.3,-0.239700374531826,2.424802725718295
OH,2007,11.1,-1.7382489863342787,2.4069451083182885
OH,2008,12.2,-3.339319145684483,2.501435951739211
OH,2009,10.0,-2.628562393770506,2.302585092994046
OH,2010,12.2,-0.95802549322076,2.501435951739211
OH,2011,12.3,-3.0576276743995323,2.509599262378372
OH,2012,13.0,-0.9935734821579612,2.5649493574615367
OH,2013,12.9,0.1836272793269922,2.5572273113676265
OH,2014,12.6,3.895993179880653,2.533696813957432
OH,2015,13.9,3.5365553458603483,2.631888840136646
OH,2016,14.2,4.113171659533998,2.653241964607215
OH,2017,14.8,4.936439065235576,2.694627180770069
OH,2018,15.4,5.24826810779444,2.7343675094195836
OH,2019,15.1,5.817079054380048,2.714694743820879
OH,2020,14.6,7.337328209470462,2.681021528714291
OH,2021,15.2,15.115749871051932,2.7212954278522306
OH,2022,15.5,10.023457473445596,2.740840023925201
OK,1999,14.4,,2.667228206581955
OK,2000,14.6,4.6506734006734,2.681021528714291
OK,2001,14.9,5.549969837120461,2.7013612129514133
OK,2002,14.4,4.159522448720399,2.667228206581955
OK,2003,13.7,3.578831849774411,2.617395832834079
OK,2004,14.4,4.644181529224811,2.667228206581955
OK,2005,14.8,5.433682078974012,2.694627180770069
OK,2006,15.0,4.19867690994451,2.70805020110221
OK,2007,14.7,3.988531053197475,2.6878474937846906
OK,2008,15.7,0.3151157065484966,2.7536607123542622
OK,2009,15.3,0.4221066064592049,2.72785282839839
OK,2010,16.5,-0.1221896383186704,2.803360380906535
OK,2011,18.5,-0.8514803034010199,2.917770732084279
OK,2012,17.6,1.3770297616109817,2.8678989020441064
OK,2013,17.2,1.1051606621226728,2.8449093838194077
OK,2014,19.1,3.76558963740552,2.9496883350525844
OK,2015,20.3,3.8841709592092544,3.0106208860477417
OK,2016,21.0,2.099526489770387,3.044522437723423
OK,2017,19.1,3.530801540077011,2.9496883350525844
OK,2018,20.3,2.493344039217349,3.0106208860477417
OK,2019,20.5,4.609739001360658,3.0204248861443626
OK,2020,19.5,5.790075282803198,2.970414465569701
OK,2021,20.0,15.599850968703421,2.995732273553991
OK,2022,20.5,12.601927353595265,3.0204248861443626
OR,1999,13.9,,2.631888840136646
OR,2000,14.1,3.805720805150359,2.6461747973841225
OR,2001,14.4,5.4953681896687145,2.667228206581955
OR,2002,14.4,4.561690727786871,2.667228206581955
OR,2003,16.2,6.0387161056152605,2.785011242238338
OR,2004,15.1,11.460116111278884,2.714694743820879
OR,2005,14.9,19.56705003914012,2.7013612129514133
OR,2006,15.3,12.696094477878784,2.72785282839839
OR,2007,15.3,2.140542956094293,2.72785282839839
OR,2008,14.5,-6.9148819810557205,2.6741486494265287
OR,2009,16.2,-9.393213009964274,2.785011242238338
OR,2010,17.1,-4.63753080015562,2.8390784635086144
OR,2011,16.6,-5.211194821443144,2.8094026953624978
OR,2012,17.8,0.9641043298614038,2.87919845729804
OR,2013,16.8,7.678972347742063,2.8213788864092133
OR,2014,18.6,7.741033017498489,2.923161580719156
OR,2015,17.8,10.063201215031103,2.87919845729804
OR,2016,17.8,10.790117961273094,2.87919845729804
OR,2017,19.0,6.717827152557376,2.9444389791664403
OR,2018,18.7,5.265238507586312,2.928523523860541
OR,2019,18.4,5.030490530946552,2.91235066461494
OR,2020,17.8,6.885513859565484,2.8791984572980396
OR,2021,18.2,20.041098508984344,2.9014215940827497
OR,2022,18.5,5.119630558541344,2.917770732084279
PA,1999,10.3,,2.33214389523559
PA,2000,10.8,4.776619029226215,2.379546134130174
PA,2001,10.2,6.967313836323408,2.322387720290225
PA,2002,10.7,7.264024506988331,2.3702437414678603
PA,2003,10.6,7.643152934456654,2.360854001118021
PA,2004,11.1,11.16970119059464,2.4069451083182885
PA,2005,11.1,11.315294889770588,2.4069451083182885
PA,2006,10.8,5.308999303210582,2.379546134130174
PA,2007,11.1,1.2469779870212472,2.4069451083182885
PA,2008,11.8,-2.370240040216165,2.468099531471619
PA,2009,12.2,-2.6981102929818257,2.501435951739211
PA,2010,11.9,-0.2460708048896642,2.476538400117484
PA,2011,13.2,-2.4031192806556856,2.580216829592325
PA,2012,12.4,-0.4864791411876568,2.517696472610991
PA,2013,13.4,0.5625955866287891,2.5952547069568657
PA,2014,13.3,2.183477269023948,2.5877640352277083
PA,2015,14.0,2.293626747461852,2.6390573296152584
PA,2016,14.7,3.3360180830886765,2.6878474937846906
PA,2017,15.0,3.514947326075468,2.70805020110221
PA,2018,14.6,3.4927497510383487,2.681021528714291
PA,2019,14.8,5.123330751719135,2.6946271807700692
PA,2020,14.0,6.157349526701195,2.6390573296152584
PA,2021,14.5,14.523659305993686,2.6741486494265287
PA,2022,15.0,9.791391214925827,2.70805020110221
RI,1999,9.1,,2.2082744135228043
RI,2000,7.1,11.688746650788918,1.9600947840472696
RI,2001,8.1,11.871522340319183,2.091864061678393
RI,2002,7.9,16.639861806051947,2.066862759472976
RI,2003,7.7,17.033935091795826,2.0412203288596382
RI,2004,7.6,17.508836235109328,2.028148247292285
RI,2005,6.3,10.248983456803874,1.840549633397487
RI,2006,8.2,0.5658566159753464,2.1041341542702074
RI,2007,8.8,-4.144687264506408,2.174751721484161
RI,2008,9.9,-10.443745632424871,2.2925347571405443
RI,2009,10.8,-6.302914439545859,2.379546134130174
RI,2010,12.3,-1.7259686452499423,2.509599262378372
RI,2011,8.9,-4.895978983941351,2.186051276738094
RI,2012,9.5,-2.4526074268784503,2.2512917986064958
RI,2013,12.2,-0.9317195706782356,2.501435951739211
RI,2014,10.1,4.704716241759255,2.312535423847214
RI,2015,11.2,4.154283072452292,2.4159137783010487
RI,2016,11.2,5.85288522511096,2.4159137783010487
RI,2017,11.8,5.679027137123338,2.468099531471619
RI,2018,11.0,4.952478128601934,2.3978952727983707
RI,2019,10.3,5.339910701425898,2.33214389523559
RI,2020,9.8,7.28593402837121,2.2823823856765264
RI,2021,10.5,19.164290379621796,2.3513752571634776
RI,2022,11.0,9.789714316270736,2.3978952727983707
SC,1999,10.5,,2.3513752571634776
SC,2000,11.1,4.946857367799495,2.4069451083182885
SC,2001,11.4,5.755605568058675,2.4336133554004498
SC,2002,10.8,3.5980295566502507,2.379546134130174
SC,2003,11.5,3.149726110772977,2.4423470353692043
SC,2004,11.3,5.8821360082607965,2.424802725718295
SC,2005,11.8,8.383546375953465,2.468099531471619
SC,2006,11.8,7.291599717205477,2.468099531471619
SC,2007,11.6,2.569862521340638,2.451005098112319
SC,2008,12.0,-1.349102058694707,2.4849066497880004
SC,2009,13.0,-4.155936417724881,2.5649493574615367
SC,2010,13.5,-2.1896908490070865,2.602689685444384
SC,2011,13.6,-3.217556046731917,2.6100697927420065
SC,2012,13.7,-1.3963655345665682,2.617395832834079
SC,2013,14.0,0.02646990702444,2.6390573296152584
SC,2014,15.2,3.982666798981183,2.7212954278522306
SC,2015,14.8,5.045331636710659,2.694627180770069
SC,2016,15.7,5.193664637654827,2.7536607123542622
SC,2017,16.3,5.351796407185616,2.791165107812717
SC,2018,16.4,5.334062030332021,2.797281334830153
SC,2019,16.5,5.927828365372134,2.803360380906535
SC,2020,16.0,6.088362068965525,2.772588722239781
SC,2021,16.8,19.53229604321529,2.8213788864092133
SC,2022,17.0,16.34060140211282,2.833213344056216
SD,1999,13.7,,2.617395832834079
SD,2000,12.7,4.452195322117336,2.5416019934645457
SD,2001,14.0,5.038302887448443,2.6390573296152584
SD,2002,12.3,4.562879850397383,2.509599262378372
SD,2003,13.5,5.468121255477065,2.602689685444384
SD,2004,14.8,5.61702488448006,2.694627180770069
SD,2005,15.4,6.951914586176455,2.734367509419584
SD,2006,16.0,3.6778503340088697,2.772588722239781
SD,2007,12.5,3.663215811192355,2.525728644308256
SD,2008,15.7,1.770375026188975,2.7536607123542622
SD,2009,16.3,-1.049922799794134,2.791165107812717
SD,2010,17.5,0.943167238808562,2.862200880929469
SD,2011,15.7,0.1786266359795174,2.7536607123542622
SD,2012,16.8,2.307718684634641,2.8213788864092133
SD,2013,18.0,3.220941144925593,2.8903717578961645
SD,2014,17.1,3.302269701594307,2.8390784635086144
SD,2015,20.4,4.48230338844533,3.0155349008501706
SD,2016,20.2,4.259927797833951,3.005682604407159
SD,2017,22.5,4.71202677746998,3.1135153092103742
SD,2018,19.5,4.921601587257851,2.970414465569701
SD,2019,20.1,4.614576493762312,3.0007198150650303
SD,2020,18.8,5.734083149226765,2.9338568698359038
SD,2021,19.5,18.48466141134011,2.970414465569701
SD,2022,20.0,12.262279313039826,2.995732273553991
TN,1999,12.7,,2.5416019934645457
TN,2000,12.7,3.3772262220538085,2.5416019934645457
TN,2001,12.2,4.907216494845357,2.501435951739211
TN,2002,13.3,3.0005241090146795,2.5877640352277083
TN,2003,12.9,3.290505872874516,2.5572273113676265
TN,2004,13.2,4.651258261833413,2.580216829592325
TN,2005,14.0,7.363094304095408,2.6390573296152584
TN,2006,14.1,6.850816617340794,2.6461747973841225
TN,2007,13.4,2.978388729311998,2.5952547069568657
TN,2008,15.1,-1.0161049310974613,2.714694743820879
TN,2009,14.6,-3.4117212922271656,2.681021528714291
TN,2010,14.6,-0.6842178382884256,2.681021528714291
TN,2011,14.4,-2.2731246721454768,2.667228206581955
TN,2012,14.6,-0.0214707461084318,2.681021528714291
TN,2013,15.4,1.7538208239378683,2.734367509419584
TN,2014,14.8,4.86826831756304,2.694627180770069
TN,2015,15.7,4.799919498205485,2.7536607123542622
TN,2016,16.3,6.490846242478576,2.791165107812717
TN,2017,16.8,7.123106515989419,2.8213788864092133
TN,2018,17.4,6.366084955950835,2.856470206220483
TN,2019,17.0,5.89538656326658,2.833213344056216
TN,2020,16.4,7.397997309819182,2.797281334830153
TN,2021,17.2,22.62269227201039,2.8449093838194073
TN,2022,17.5,15.831284282201619,2.8622008809294686
TX,1999,10.2,,2.322387720290225
TX,2000,10.2,5.935665049782979,2.322387720290225
TX,2001,10.9,6.14531871309798,2.388762789235098
TX,2002,11.1,3.7915767964581626,2.4069451083182885
TX,2003,11.1,2.0616865361478665,2.4069451083182885
TX,2004,10.7,3.4935433745914457,2.3702437414678603
TX,2005,10.9,5.0220036241263255,2.388762789235098
TX,2006,10.3,5.738230219373919,2.33214389523559
TX,2007,10.5,4.130728705300935,2.3513752571634776
TX,2008,10.8,0.6671143944481761,2.379546134130174
TX,2009,11.6,-0.7471980074719831,2.451005098112319
TX,2010,11.8,-0.3629682738842121,2.468099531471619
TX,2011,11.5,-1.0209129750393453,2.4423470353692043
TX,2012,11.9,2.267357324609232,2.476538400117484
TX,2013,11.7,5.469409517039137,2.4595888418037104
TX,2014,12.2,7.393209200438111,2.501435951739211
TX,2015,12.5,7.092142941199531,2.525728644308256
TX,2016,12.6,7.226841507637083,2.533696813957432
TX,2017,13.4,6.770513083282093,2.5952547069568657
TX,2018,13.4,5.227796263117468,2.5952547069568657
TX,2019,13.2,4.977196716327148,2.580216829592325
TX,2020,12.5,5.749123874069584,2.5257286443082556
TX,2021,13.0,19.949605609114805,2.5649493574615367
TX,2022,13.5,13.021737144944744,2.6026896854443837
UT,1999,14.0,,2.6390573296152584
UT,2000,14.7,2.9761904761904656,2.6878474937846906
UT,2001,15.5,3.6251032204789535,2.740840023925201
UT,2002,16.2,1.4184397163120588,2.785011242238338
UT,2003,15.4,1.017521804038668,2.734367509419584
UT,2004,17.2,5.176369929607594,2.8449093838194077
UT,2005,15.4,12.568407040378649,2.734367509419584
UT,2006,16.0,16.808461715336854,2.772588722239781
UT,2007,15.8,7.736220472440936,2.760009940032921
UT,2008,15.9,-5.058599357886773,2.766319109226186
UT,2009,17.9,-9.680257333736575,2.884800712846709
UT,2010,18.3,-2.581273590648958,2.9069010598473755
UT,2011,19.4,-4.396325459317585,2.9652730660692823
UT,2012,21.0,3.1310259175736155,3.044522437723423
UT,2013,21.4,7.428299794010451,3.0633909220278057
UT,2014,20.5,4.879199976400472,3.0204248861443626
UT,2015,22.4,6.109189097966428,3.109060958860994
UT,2016,21.8,7.374420145791904,3.0819099697950434
UT,2017,22.7,9.05769373194756,3.122364924487357
UT,2018,22.0,9.079590727997111,3.091042453358316
UT,2019,21.4,7.0309419552991415,3.0633909220278057
UT,2020,21.2,9.322346097915668,3.054001181677967
UT,2021,21.8,27.588102796942326,3.0819099697950434
UT,2022,22.0,8.497595151380356,3.091042453358316
VA,1999,11.2,,2.4159137783010487
VA,2000,10.8,7.428115015974424,2.379546134130174
VA,2001,11.0,8.719537381247422,2.3978952727983707
VA,2002,10.9,8.981421678507662,2.388762789235098
VA,2003,10.9,9.918075649294057,2.388762789235098
VA,2004,10.9,17.218522042499185,2.388762789235098
VA,2005,11.2,18.366297789442363,2.4159137783010487
VA,2006,11.1,6.290717077742469,2.4069451083182885
VA,2007,11.1,-0.830125379040414,2.4069451083182885
VA,2008,11.8,-6.785505172077288,2.468099531471619
VA,2009,11.7,-5.011166945840307,2.4595888418037104
VA,2010,11.7,-1.5405339211364222,2.4595888418037104
VA,2011,12.6,-2.0596502574562803,2.533696813957432
VA,2012,12.7,-0.1320702003911433,2.5416019934645457
VA,2013,12.5,0.9791205717046836,2.525728644308256
VA,2014,12.9,3.5108044124313675,2.5572273113676265
VA,2015,12.7,2.201946472019478,2.5416019934645457
VA,2016,13.2,2.859183430543988,2.580216829592325
VA,2017,13.4,2.8005369624589216,2.5952547069568657
VA,2018,14.0,2.8660842939481235,2.6390573296152584
VA,2019,14.0,5.016524765260799,2.6390573296152584
VA,2020,13.5,5.893999708217823,2.6026896854443837
VA,2021,14.2,14.38131039776418,2.653241964607215
VA,2022,14.5,10.773281024158576,2.6741486494265287
VT,1999,10.3,,2.33214389523559
VT,2000,12.3,7.986267217067877,2.509599262378372
VT,2001,11.4,7.520532909428113,2.4336133554004498
VT,2002,14.3,7.149394536750209,2.660259537265861
VT,2003,13.0,10.992476756792293,2.5649493574615367
VT,2004,14.5,13.22776380050319,2.6741486494265287
VT,2005,12.5,12.66795629215245,2.525728644308256
VT,2006,12.2,5.515081206496508,2.501435951739211
VT,2007,13.9,0.5189436418409299,2.631888840136646
VT,2008,14.1,-0.6868943189027199,2.6461747973841225
VT,2009,13.0,-2.8855261129099863,2.5649493574615367
VT,2010,15.7,0.1837192950622679,2.7536607123542622
VT,2011,17.8,-0.4233642743943888,2.87919845729804
VT,2012,13.0,-0.5320237364436209,2.5649493574615367
VT,2013,16.8,-0.5782989325470389,2.8213788864092133
VT,2014,18.7,0.6000551774875795,2.928523523860541
VT,2015,14.8,1.4580524258975602,2.694627180770069
VT,2016,17.3,2.3313436197770043,2.8507065015037334
VT,2017,18.3,2.802113141096174,2.9069010598473755
VT,2018,18.9,2.002012718669044,2.9391619220655967
VT,2019,19.5,4.7588059952138995,2.970414465569701
VT,2020,18.2,7.247770764452466,2.9014215940827497
VT,2021,19.0,17.50495123500615,2.9444389791664403
VT,2022,19.5,12.795153519581493,2.970414465569701
WA,1999,14.0,,2.6390573296152584
WA,2000,12.4,5.506250236036103,2.517696472610991
WA,2001,11.9,5.569674625049226,2.476538400117484
WA,2002,13.4,4.577357339029597,2.5952547069568657
WA,2003,13.1,5.557176668936226,2.5726122302071057
WA,2004,13.3,11.41075651933534,2.5877640352277083
WA,2005,12.8,18.27304808116452,2.5494451709255714
WA,2006,12.3,12.7016317016317,2.509599262378372
WA,2007,13.1,3.807731287100036,2.5726122302071057
WA,2008,13.2,-6.136680613668055,2.580216829592325
WA,2009,13.3,-9.390787518573552,2.5877640352277083
WA,2010,13.9,-4.622124349903956,2.631888840136646
WA,2011,14.3,-5.4405226831724445,2.660259537265861
WA,2012,14.5,0.511714894280213,2.6741486494265287
WA,2013,14.1,5.726838092776854,2.6461747973841225
WA,2014,15.2,7.061670455378755,2.7212954278522306
WA,2015,15.4,9.050228310502284,2.734367509419584
WA,2016,14.9,10.365547274097642,2.7013612129514133
WA,2017,16.9,10.51693066489614,2.827313621929028
WA,2018,16.2,7.413446849413807,2.785011242238338
WA,2019,16.4,5.981335293553647,2.797281334830153
WA,2020,15.5,8.440765368435343,2.740840023925201
WA,2021,16.0,21.207191423684968,2.772588722239781
WA,2022,16.5,6.873845659680389,2.803360380906535
WI,1999,11.1,,2.4069451083182885
WI,2000,10.9,6.387406134081242,2.388762789235098
WI,2001,11.7,5.008929330725409,2.4595888418037104
WI,2002,11.3,4.883381924198238,2.424802725718295
WI,2003,11.6,6.860474094664526,2.451005098112319
WI,2004,11.9,7.857942844755961,2.476538400117484
WI,2005,11.6,6.7394653982715935,2.451005098112319
WI,2006,12.0,2.3504675830038124,2.4849066497880004
WI,2007,12.7,0.2115590985742654,2.5416019934645457
WI,2008,12.8,-2.8240117488679384,2.5494451709255714
WI,2009,12.5,-3.491703661723511,2.525728644308256
WI,2010,13.4,-1.494192874853184,2.5952547069568657
WI,2011,12.8,-2.5998542756839216,2.5494451709255714
WI,2012,12.4,-0.8364786289911219,2.517696472610991
WI,2013,14.4,-0.809244590748559,2.667228206581955
WI,2014,13.1,3.0386835828119185,2.5726122302071057
WI,2015,14.7,3.096691941219887,2.6878474937846906
WI,2016,14.7,4.3899899118096775,2.6878474937846906
WI,2017,15.4,4.757154436062105,2.734367509419584
WI,2018,15.5,5.570765385073195,2.740840023925201
WI,2019,15.3,4.899086706505806,2.72785282839839
WI,2020,15.0,5.605417316063854,2.70805020110221
WI,2021,15.5,14.712468193384233,2.740840023925201
WI,2022,16.0,12.009227629652642,2.772588722239781
WV,1999,12.1,,2.4932054526026954
WV,2000,13.2,3.210261979095952,2.580216829592325
WV,2001,15.0,5.517196028144933,2.70805020110221
WV,2002,14.9,4.044621712576335,2.7013612129514133
WV,2003,14.0,3.7017070979335154,2.6390573296152584
WV,2004,15.4,7.479928377519784,2.734367509419584
WV,2005,13.2,10.699699054170251,2.580216829592325
WV,2006,14.0,3.577843584640039,2.6390573296152584
WV,2007,15.7,1.1764154480689903,2.7536607123542622
WV,2008,13.7,-2.6451104831611616,2.617395832834079
WV,2009,13.1,-2.1126760563380254,2.5726122302071057
WV,2010,14.1,1.1958001166634258,2.6461747973841225
WV,2011,15.9,-1.5035065808434944,2.766319109226186
WV,2012,17.1,0.1853206534991436,2.8390784635086144
WV,2013,16.4,2.239205568806879,2.797281334830153
WV,2014,18.1,1.314097986001994,2.89591193827178
WV,2015,17.4,2.218149349123544,2.856470206220483
WV,2016,19.3,2.0091030297457517,2.96010509591084
WV,2017,21.1,1.9515053181900168,3.0492730404820207
WV,2018,19.6,0.6012112638698497,2.975529566236472
WV,2019,19.6,3.9592213384892716,2.975529566236472
WV,2020,18.4,4.6115478907769125,2.91235066461494
WV,2021,19.0,12.877287971231155,2.9444389791664403
WV,2022,19.5,7.076890034364247,2.970414465569701
WY,1999,20.3,,3.0106208860477417
WY,2000,16.8,5.748591360343425,2.8213788864092133
WY,2001,16.4,5.429749444973053,2.797281334830153
WY,2002,20.8,6.329342398170978,3.0349529867072724
WY,2003,21.8,6.857918859276868,3.0819099697950434
WY,2004,17.5,10.648662960021182,2.862200880929469
WY,2005,17.3,12.06929555895866,2.8507065015037334
WY,2006,21.7,12.400717396874208,3.077312260546414
WY,2007,19.3,7.111921586505576,2.96010509591084
WY,2008,22.6,0.0602965169894442,3.1179499062782403
WY,2009,20.4,-3.310765304313934,3.0155349008501706
WY,2010,22.4,-1.2574696630861193,3.109060958860994
WY,2011,23.2,-1.1620999480210892,3.1441522786722644
WY,2012,29.6,2.043499492881562,3.387774361330014
WY,2013,21.5,1.711761457758154,3.068052935133617
WY,2014,20.6,3.887079261672088,3.025291075795536
WY,2015,28.0,3.2643534002229746,3.332204510175204
WY,2016,25.2,1.4878040551937977,3.226843994517377
WY,2017,26.9,2.011169470115015,3.292126286607793
WY,2018,26.5,3.581321080587885,3.2771447329921766
WY,2019,25.2,5.373434845529479,3.2268439945173775
WY,2020,24.8,5.296471009733095,3.2108436531709366
WY,2021,25.0,15.935125326074617,3.2188758248682006
WY,2022,25.5,10.565447074936408,3.2386784521643803
